symbol,mode,fold,split,task,horizon_days,model,n_rows,acc,balacc,f1,auc,posrate,threshold,extra
AAPL,walk,0,val,direction,1,BASELINE_ALL_ZERO,125,0.456,0.5,0.0,0.5,0.544,0.5,
AAPL,walk,0,test,direction,1,BASELINE_ALL_ZERO,125,0.44,0.5,0.0,0.5,0.56,0.5,
AAPL,walk,0,val,direction,1,BASELINE_CONST_FROM_TRAIN,125,0.544,0.5,0.7046632124352331,0.5,0.544,0.5,p_train=0.525
AAPL,walk,0,test,direction,1,BASELINE_CONST_FROM_TRAIN,125,0.56,0.5,0.717948717948718,0.5,0.56,0.5,p_train=0.525
AAPL,walk,0,val,direction,1,LOGREG,125,0.632,0.6078431372549019,0.7228915662650602,0.6148090815273478,0.544,0.25,t_f1=0.7229 C=0.5 balanced
AAPL,walk,0,test,direction,1,LOGREG,125,0.52,0.5402597402597402,0.4642857142857143,0.558961038961039,0.56,0.25,t_f1=0.7229 C=0.5 balanced
AAPL,walk,0,val,direction,1,HGB,125,0.56,0.5175438596491229,0.7120418848167539,0.5753353973168215,0.544,0.05,t_f1=0.7120 lr=0.03 depth=3 l2=1.0 leaf=30
AAPL,walk,0,test,direction,1,HGB,125,0.536,0.4805194805194805,0.6947368421052632,0.47194805194805195,0.56,0.05,t_f1=0.7120 lr=0.03 depth=3 l2=1.0 leaf=30
AAPL,walk,1,val,direction,1,BASELINE_ALL_ZERO,125,0.4,0.5,0.0,0.5,0.6,0.5,
AAPL,walk,1,test,direction,1,BASELINE_ALL_ZERO,125,0.52,0.5,0.0,0.5,0.48,0.5,
AAPL,walk,1,val,direction,1,BASELINE_CONST_FROM_TRAIN,125,0.6,0.5,0.75,0.5,0.6,0.5,p_train=0.523
AAPL,walk,1,test,direction,1,BASELINE_CONST_FROM_TRAIN,125,0.48,0.5,0.6486486486486487,0.5,0.48,0.5,p_train=0.523
AAPL,walk,1,val,direction,1,LOGREG,125,0.624,0.5466666666666666,0.7486631016042781,0.6253333333333333,0.6,0.1,t_f1=0.7487 C=0.5 balanced
AAPL,walk,1,test,direction,1,LOGREG,125,0.496,0.5121794871794871,0.6358381502890174,0.5202564102564102,0.48,0.1,t_f1=0.7487 C=0.5 balanced
AAPL,walk,1,val,direction,1,HGB,125,0.576,0.49666666666666665,0.7165775401069518,0.5125333333333333,0.6,0.05,t_f1=0.7166 lr=0.03 depth=3 l2=1.0 leaf=30
AAPL,walk,1,test,direction,1,HGB,125,0.472,0.49102564102564106,0.6373626373626373,0.4971794871794871,0.48,0.05,t_f1=0.7166 lr=0.03 depth=3 l2=1.0 leaf=30
AAPL,walk,2,val,direction,1,BASELINE_ALL_ZERO,125,0.44,0.5,0.0,0.5,0.56,0.5,
AAPL,walk,2,test,direction,1,BASELINE_ALL_ZERO,125,0.512,0.5,0.0,0.5,0.488,0.5,
AAPL,walk,2,val,direction,1,BASELINE_CONST_FROM_TRAIN,125,0.56,0.5,0.717948717948718,0.5,0.56,0.5,p_train=0.528
AAPL,walk,2,test,direction,1,BASELINE_CONST_FROM_TRAIN,125,0.488,0.5,0.6559139784946236,0.5,0.488,0.5,p_train=0.528
AAPL,walk,2,val,direction,1,LOGREG,125,0.552,0.4928571428571429,0.711340206185567,0.5135064935064935,0.56,0.05,t_f1=0.7113 C=0.5 balanced
AAPL,walk,2,test,direction,1,LOGREG,125,0.488,0.5,0.6559139784946236,0.5302254098360656,0.488,0.05,t_f1=0.7113 C=0.5 balanced
AAPL,walk,2,val,direction,1,HGB,125,0.56,0.5077922077922078,0.7058823529411765,0.5345454545454544,0.56,0.05,t_f1=0.7059 lr=0.03 depth=3 l2=1.0 leaf=30
AAPL,walk,2,test,direction,1,HGB,125,0.488,0.5,0.6559139784946236,0.4943647540983606,0.488,0.05,t_f1=0.7059 lr=0.03 depth=3 l2=1.0 leaf=30
AAPL,walk,3,val,direction,1,BASELINE_ALL_ZERO,125,0.52,0.5,0.0,0.5,0.48,0.5,
AAPL,walk,3,test,direction,1,BASELINE_ALL_ZERO,125,0.448,0.5,0.0,0.5,0.552,0.5,
AAPL,walk,3,val,direction,1,BASELINE_CONST_FROM_TRAIN,125,0.48,0.5,0.6486486486486487,0.5,0.48,0.5,p_train=0.530
AAPL,walk,3,test,direction,1,BASELINE_CONST_FROM_TRAIN,125,0.552,0.5,0.711340206185567,0.5,0.552,0.5,p_train=0.530
AAPL,walk,3,val,direction,1,LOGREG,125,0.48,0.5,0.6486486486486487,0.5076923076923077,0.48,0.05,t_f1=0.6486 C=0.5 balanced
AAPL,walk,3,test,direction,1,LOGREG,125,0.552,0.5,0.711340206185567,0.5090579710144927,0.552,0.05,t_f1=0.6486 C=0.5 balanced
AAPL,walk,3,val,direction,1,HGB,125,0.48,0.5,0.6486486486486487,0.48384615384615376,0.48,0.05,t_f1=0.6486 lr=0.03 depth=3 l2=1.0 leaf=30
AAPL,walk,3,test,direction,1,HGB,125,0.552,0.5,0.711340206185567,0.5372670807453417,0.552,0.05,t_f1=0.6486 lr=0.03 depth=3 l2=1.0 leaf=30
AAPL,walk,4,val,direction,1,BASELINE_ALL_ZERO,125,0.512,0.5,0.0,0.5,0.488,0.5,
AAPL,walk,4,test,direction,1,BASELINE_ALL_ZERO,125,0.424,0.5,0.0,0.5,0.576,0.5,
AAPL,walk,4,val,direction,1,BASELINE_CONST_FROM_TRAIN,125,0.488,0.5,0.6559139784946236,0.5,0.488,0.5,p_train=0.531
AAPL,walk,4,test,direction,1,BASELINE_CONST_FROM_TRAIN,125,0.576,0.5,0.7309644670050761,0.5,0.576,0.5,p_train=0.531
AAPL,walk,4,val,direction,1,LOGREG,125,0.512,0.5230532786885246,0.6629834254143646,0.5025614754098361,0.488,0.39999999999999997,t_f1=0.6630 C=0.5 balanced
AAPL,walk,4,test,direction,1,LOGREG,125,0.576,0.5,0.7309644670050761,0.5117924528301887,0.576,0.39999999999999997,t_f1=0.6630 C=0.5 balanced
AAPL,walk,4,val,direction,1,HGB,125,0.488,0.5,0.6559139784946236,0.5066598360655737,0.488,0.05,t_f1=0.6559 lr=0.03 depth=3 l2=1.0 leaf=30
AAPL,walk,4,test,direction,1,HGB,125,0.568,0.4930555555555556,0.7244897959183674,0.4913522012578616,0.576,0.05,t_f1=0.6559 lr=0.03 depth=3 l2=1.0 leaf=30
AAPL,walk,5,val,direction,1,BASELINE_ALL_ZERO,125,0.448,0.5,0.0,0.5,0.552,0.5,
AAPL,walk,5,test,direction,1,BASELINE_ALL_ZERO,125,0.488,0.5,0.0,0.5,0.512,0.5,
AAPL,walk,5,val,direction,1,BASELINE_CONST_FROM_TRAIN,125,0.552,0.5,0.711340206185567,0.5,0.552,0.5,p_train=0.526
AAPL,walk,5,test,direction,1,BASELINE_CONST_FROM_TRAIN,125,0.512,0.5,0.6772486772486772,0.5,0.512,0.5,p_train=0.526
AAPL,walk,5,val,direction,1,LOGREG,125,0.56,0.5089285714285714,0.7150259067357513,0.5054347826086957,0.552,0.35,t_f1=0.7150 C=0.5 balanced
AAPL,walk,5,test,direction,1,LOGREG,125,0.464,0.45543032786885246,0.6081871345029239,0.4807889344262295,0.512,0.35,t_f1=0.7150 C=0.5 balanced
AAPL,walk,5,val,direction,1,HGB,125,0.552,0.5016821946169773,0.7083333333333334,0.5020703933747412,0.552,0.05,t_f1=0.7083 lr=0.03 depth=3 l2=1.0 leaf=30
AAPL,walk,5,test,direction,1,HGB,125,0.512,0.5003842213114754,0.6737967914438503,0.48796106557377045,0.512,0.05,t_f1=0.7083 lr=0.03 depth=3 l2=1.0 leaf=30
AAPL,walk,6,val,direction,1,BASELINE_ALL_ZERO,125,0.424,0.5,0.0,0.5,0.576,0.5,
AAPL,walk,6,test,direction,1,BASELINE_ALL_ZERO,125,0.528,0.5,0.0,0.5,0.472,0.5,
AAPL,walk,6,val,direction,1,BASELINE_CONST_FROM_TRAIN,125,0.576,0.5,0.7309644670050761,0.5,0.576,0.5,p_train=0.527
AAPL,walk,6,test,direction,1,BASELINE_CONST_FROM_TRAIN,125,0.472,0.5,0.6413043478260869,0.5,0.472,0.5,p_train=0.527
AAPL,walk,6,val,direction,1,LOGREG,125,0.576,0.5,0.7309644670050761,0.5112683438155137,0.576,0.05,t_f1=0.7310 C=0.5 balanced
AAPL,walk,6,test,direction,1,LOGREG,125,0.472,0.5,0.6413043478260869,0.43682588597842836,0.472,0.05,t_f1=0.7310 C=0.5 balanced
AAPL,walk,6,val,direction,1,HGB,125,0.544,0.4722222222222222,0.7046632124352331,0.5028825995807128,0.576,0.05,t_f1=0.7047 lr=0.03 depth=3 l2=1.0 leaf=30
AAPL,walk,6,test,direction,1,HGB,125,0.48,0.5012840267077555,0.6153846153846154,0.5249101181304572,0.472,0.05,t_f1=0.7047 lr=0.03 depth=3 l2=1.0 leaf=30
AAPL,walk,7,val,direction,1,BASELINE_ALL_ZERO,125,0.488,0.5,0.0,0.5,0.512,0.5,
AAPL,walk,7,test,direction,1,BASELINE_ALL_ZERO,125,0.512,0.5,0.0,0.5,0.488,0.5,
AAPL,walk,7,val,direction,1,BASELINE_CONST_FROM_TRAIN,125,0.512,0.5,0.6772486772486772,0.5,0.512,0.5,p_train=0.529
AAPL,walk,7,test,direction,1,BASELINE_CONST_FROM_TRAIN,125,0.488,0.5,0.6559139784946236,0.5,0.488,0.5,p_train=0.529
AAPL,walk,7,val,direction,1,LOGREG,125,0.512,0.5,0.6772486772486772,0.48206967213114754,0.512,0.05,t_f1=0.6772 C=0.5 balanced
AAPL,walk,7,test,direction,1,LOGREG,125,0.488,0.5,0.6559139784946236,0.4692622950819672,0.488,0.05,t_f1=0.6772 C=0.5 balanced
AAPL,walk,7,val,direction,1,HGB,125,0.504,0.4925717213114754,0.6666666666666666,0.5356045081967213,0.512,0.05,t_f1=0.6667 lr=0.03 depth=3 l2=1.0 leaf=30
AAPL,walk,7,test,direction,1,HGB,125,0.472,0.48322233606557374,0.6373626373626373,0.6116803278688525,0.488,0.05,t_f1=0.6667 lr=0.03 depth=3 l2=1.0 leaf=30
AAPL,walk,8,val,direction,1,BASELINE_ALL_ZERO,125,0.528,0.5,0.0,0.5,0.472,0.5,
AAPL,walk,8,test,direction,1,BASELINE_ALL_ZERO,125,0.528,0.5,0.0,0.5,0.472,0.5,
AAPL,walk,8,val,direction,1,BASELINE_CONST_FROM_TRAIN,125,0.472,0.5,0.6413043478260869,0.5,0.472,0.5,p_train=0.530
AAPL,walk,8,test,direction,1,BASELINE_CONST_FROM_TRAIN,125,0.472,0.5,0.6413043478260869,0.5,0.472,0.5,p_train=0.530
AAPL,walk,8,val,direction,1,LOGREG,125,0.496,0.5227272727272727,0.6519337016574586,0.433487416538264,0.472,0.3,t_f1=0.6519 C=0.5 balanced
AAPL,walk,8,test,direction,1,LOGREG,125,0.472,0.5,0.6413043478260869,0.42655367231638425,0.472,0.3,t_f1=0.6519 C=0.5 balanced
AAPL,walk,8,val,direction,1,HGB,125,0.472,0.5,0.6413043478260869,0.5374935798664612,0.472,0.05,t_f1=0.6413 lr=0.03 depth=3 l2=1.0 leaf=30
AAPL,walk,8,test,direction,1,HGB,125,0.472,0.5,0.6413043478260869,0.43297380585516176,0.472,0.05,t_f1=0.6413 lr=0.03 depth=3 l2=1.0 leaf=30
AAPL,walk,9,val,direction,1,BASELINE_ALL_ZERO,125,0.512,0.5,0.0,0.5,0.488,0.5,
AAPL,walk,9,test,direction,1,BASELINE_ALL_ZERO,125,0.472,0.5,0.0,0.5,0.528,0.5,
AAPL,walk,9,val,direction,1,BASELINE_CONST_FROM_TRAIN,125,0.488,0.5,0.6559139784946236,0.5,0.488,0.5,p_train=0.528
AAPL,walk,9,test,direction,1,BASELINE_CONST_FROM_TRAIN,125,0.528,0.5,0.6910994764397905,0.5,0.528,0.5,p_train=0.528
AAPL,walk,9,val,direction,1,LOGREG,125,0.496,0.5078125,0.6594594594594595,0.47822745901639346,0.488,0.35,t_f1=0.6595 C=0.5 balanced
AAPL,walk,9,test,direction,1,LOGREG,125,0.528,0.5,0.6910994764397905,0.4517205957883924,0.528,0.35,t_f1=0.6595 C=0.5 balanced
AAPL,walk,9,val,direction,1,HGB,125,0.488,0.5,0.6559139784946236,0.5594262295081968,0.488,0.05,t_f1=0.6559 lr=0.03 depth=3 l2=1.0 leaf=30
AAPL,walk,9,test,direction,1,HGB,125,0.528,0.5017976373908577,0.6844919786096256,0.39599383667180277,0.528,0.05,t_f1=0.6559 lr=0.03 depth=3 l2=1.0 leaf=30
AAPL,walk,10,val,direction,1,BASELINE_ALL_ZERO,125,0.528,0.5,0.0,0.5,0.472,0.5,
AAPL,walk,10,test,direction,1,BASELINE_ALL_ZERO,125,0.432,0.5,0.0,0.5,0.568,0.5,
AAPL,walk,10,val,direction,1,BASELINE_CONST_FROM_TRAIN,125,0.472,0.5,0.6413043478260869,0.5,0.472,0.5,p_train=0.527
AAPL,walk,10,test,direction,1,BASELINE_CONST_FROM_TRAIN,125,0.568,0.5,0.7244897959183674,0.5,0.568,0.5,p_train=0.527
AAPL,walk,10,val,direction,1,LOGREG,125,0.472,0.5,0.6413043478260869,0.4229583975346687,0.472,0.05,t_f1=0.6413 C=0.5 balanced
AAPL,walk,10,test,direction,1,LOGREG,125,0.568,0.5,0.7244897959183674,0.5161711006781429,0.568,0.05,t_f1=0.6413 C=0.5 balanced
AAPL,walk,10,val,direction,1,HGB,125,0.472,0.5,0.6413043478260869,0.42886492039034413,0.472,0.05,t_f1=0.6413 lr=0.03 depth=3 l2=1.0 leaf=30
AAPL,walk,10,test,direction,1,HGB,125,0.576,0.5092592592592593,0.7282051282051282,0.42801251956181535,0.568,0.05,t_f1=0.6413 lr=0.03 depth=3 l2=1.0 leaf=30
AAPL,walk,11,val,direction,1,BASELINE_ALL_ZERO,125,0.472,0.5,0.0,0.5,0.528,0.5,
AAPL,walk,11,test,direction,1,BASELINE_ALL_ZERO,125,0.464,0.5,0.0,0.5,0.536,0.5,
AAPL,walk,11,val,direction,1,BASELINE_CONST_FROM_TRAIN,125,0.528,0.5,0.6910994764397905,0.5,0.528,0.5,p_train=0.525
AAPL,walk,11,test,direction,1,BASELINE_CONST_FROM_TRAIN,125,0.536,0.5,0.6979166666666666,0.5,0.536,0.5,p_train=0.525
AAPL,walk,11,val,direction,1,LOGREG,125,0.528,0.5,0.6910994764397905,0.46302003081664095,0.528,0.05,t_f1=0.6911 C=0.5 balanced
AAPL,walk,11,test,direction,1,LOGREG,125,0.536,0.5,0.6979166666666666,0.502058672156459,0.536,0.05,t_f1=0.6911 C=0.5 balanced
AAPL,walk,11,val,direction,1,HGB,125,0.536,0.5093733949666153,0.6914893617021277,0.42963533641499746,0.528,0.1,t_f1=0.6915 lr=0.03 depth=3 l2=1.0 leaf=30
AAPL,walk,11,test,direction,1,HGB,125,0.536,0.5011580030880082,0.6947368421052632,0.5437467833247555,0.536,0.1,t_f1=0.6915 lr=0.03 depth=3 l2=1.0 leaf=30
AAPL,walk,12,val,direction,1,BASELINE_ALL_ZERO,125,0.432,0.5,0.0,0.5,0.568,0.5,
AAPL,walk,12,test,direction,1,BASELINE_ALL_ZERO,125,0.456,0.5,0.0,0.5,0.544,0.5,
AAPL,walk,12,val,direction,1,BASELINE_CONST_FROM_TRAIN,125,0.568,0.5,0.7244897959183674,0.5,0.568,0.5,p_train=0.523
AAPL,walk,12,test,direction,1,BASELINE_CONST_FROM_TRAIN,125,0.544,0.5,0.7046632124352331,0.5,0.544,0.5,p_train=0.523
AAPL,walk,12,val,direction,1,LOGREG,125,0.568,0.5,0.7244897959183674,0.5448617631716223,0.568,0.05,t_f1=0.7245 C=0.5 balanced
AAPL,walk,12,test,direction,1,LOGREG,125,0.544,0.5,0.7046632124352331,0.4958720330237358,0.544,0.05,t_f1=0.7245 C=0.5 balanced
AAPL,walk,12,val,direction,1,HGB,125,0.568,0.5,0.7244897959183674,0.5279081898800209,0.568,0.05,t_f1=0.7245 lr=0.03 depth=3 l2=1.0 leaf=30
AAPL,walk,12,test,direction,1,HGB,125,0.544,0.5,0.7046632124352331,0.5072239422084623,0.544,0.05,t_f1=0.7245 lr=0.03 depth=3 l2=1.0 leaf=30
AAPL,walk,13,val,direction,1,BASELINE_ALL_ZERO,125,0.464,0.5,0.0,0.5,0.536,0.5,
AAPL,walk,13,test,direction,1,BASELINE_ALL_ZERO,125,0.512,0.5,0.0,0.5,0.488,0.5,
AAPL,walk,13,val,direction,1,BASELINE_CONST_FROM_TRAIN,125,0.536,0.5,0.6979166666666666,0.5,0.536,0.5,p_train=0.526
AAPL,walk,13,test,direction,1,BASELINE_CONST_FROM_TRAIN,125,0.488,0.5,0.6559139784946236,0.5,0.488,0.5,p_train=0.526
AAPL,walk,13,val,direction,1,LOGREG,125,0.544,0.5086206896551724,0.7015706806282722,0.49433865156973744,0.536,0.44999999999999996,t_f1=0.7016 C=0.5 balanced
AAPL,walk,13,test,direction,1,LOGREG,125,0.496,0.5078125,0.6594594594594595,0.3760245901639344,0.488,0.44999999999999996,t_f1=0.7016 C=0.5 balanced
AAPL,walk,13,val,direction,1,HGB,125,0.616,0.5989449305198147,0.7,0.5367987647967061,0.536,0.25,t_f1=0.7000 lr=0.03 depth=3 l2=1.0 leaf=30
AAPL,walk,13,test,direction,1,HGB,125,0.456,0.46337090163934425,0.5802469135802469,0.46618852459016397,0.488,0.25,t_f1=0.7000 lr=0.03 depth=3 l2=1.0 leaf=30
AAPL,walk,14,val,direction,1,BASELINE_ALL_ZERO,125,0.456,0.5,0.0,0.5,0.544,0.5,
AAPL,walk,14,test,direction,1,BASELINE_ALL_ZERO,125,0.488,0.5,0.0,0.5,0.512,0.5,
AAPL,walk,14,val,direction,1,BASELINE_CONST_FROM_TRAIN,125,0.544,0.5,0.7046632124352331,0.5,0.544,0.5,p_train=0.526
AAPL,walk,14,test,direction,1,BASELINE_CONST_FROM_TRAIN,125,0.512,0.5,0.6772486772486772,0.5,0.512,0.5,p_train=0.526
AAPL,walk,14,val,direction,1,LOGREG,125,0.544,0.5,0.7046632124352331,0.5046439628482973,0.544,0.05,t_f1=0.7047 C=0.5 balanced
AAPL,walk,14,test,direction,1,LOGREG,125,0.512,0.5,0.6772486772486772,0.3529713114754099,0.512,0.05,t_f1=0.7047 C=0.5 balanced
AAPL,walk,14,val,direction,1,HGB,125,0.544,0.5,0.7046632124352331,0.5583075335397317,0.544,0.05,t_f1=0.7047 lr=0.03 depth=3 l2=1.0 leaf=30
AAPL,walk,14,test,direction,1,HGB,125,0.496,0.484375,0.6631016042780749,0.4170081967213115,0.512,0.05,t_f1=0.7047 lr=0.03 depth=3 l2=1.0 leaf=30
AAPL,walk,15,val,direction,1,BASELINE_ALL_ZERO,125,0.512,0.5,0.0,0.5,0.488,0.5,
AAPL,walk,15,test,direction,1,BASELINE_ALL_ZERO,125,0.376,0.5,0.0,0.5,0.624,0.5,
AAPL,walk,15,val,direction,1,BASELINE_CONST_FROM_TRAIN,125,0.488,0.5,0.6559139784946236,0.5,0.488,0.5,p_train=0.526
AAPL,walk,15,test,direction,1,BASELINE_CONST_FROM_TRAIN,125,0.624,0.5,0.7684729064039408,0.5,0.624,0.5,p_train=0.526
AAPL,walk,15,val,direction,1,LOGREG,125,0.496,0.5078125,0.6594594594594595,0.39600409836065575,0.488,0.44999999999999996,t_f1=0.6595 C=0.5 balanced
AAPL,walk,15,test,direction,1,LOGREG,125,0.488,0.4502182214948172,0.5949367088607594,0.43235133660665576,0.624,0.44999999999999996,t_f1=0.6595 C=0.5 balanced
AAPL,walk,15,val,direction,1,HGB,125,0.488,0.5,0.6559139784946236,0.4805327868852459,0.488,0.05,t_f1=0.6559 lr=0.03 depth=3 l2=1.0 leaf=30
AAPL,walk,15,test,direction,1,HGB,125,0.616,0.5062738679759956,0.7551020408163265,0.4296235679214402,0.624,0.05,t_f1=0.6559 lr=0.03 depth=3 l2=1.0 leaf=30
AAPL,walk,16,val,direction,1,BASELINE_ALL_ZERO,125,0.488,0.5,0.0,0.5,0.512,0.5,
AAPL,walk,16,test,direction,1,BASELINE_ALL_ZERO,125,0.36,0.5,0.0,0.5,0.64,0.5,
AAPL,walk,16,val,direction,1,BASELINE_CONST_FROM_TRAIN,125,0.512,0.5,0.6772486772486772,0.5,0.512,0.5,p_train=0.527
AAPL,walk,16,test,direction,1,BASELINE_CONST_FROM_TRAIN,125,0.64,0.5,0.7804878048780488,0.5,0.64,0.5,p_train=0.527
AAPL,walk,16,val,direction,1,LOGREG,125,0.512,0.5,0.6772486772486772,0.3478483606557377,0.512,0.05,t_f1=0.6772 C=0.5 balanced
AAPL,walk,16,test,direction,1,LOGREG,125,0.64,0.5,0.7804878048780488,0.5044444444444445,0.64,0.05,t_f1=0.6772 C=0.5 balanced
AAPL,walk,16,val,direction,1,HGB,125,0.512,0.5003842213114754,0.6737967914438503,0.4487704918032787,0.512,0.05,t_f1=0.6738 lr=0.03 depth=3 l2=1.0 leaf=30
AAPL,walk,16,test,direction,1,HGB,125,0.648,0.5159722222222223,0.7821782178217822,0.5313888888888889,0.64,0.05,t_f1=0.6738 lr=0.03 depth=3 l2=1.0 leaf=30
AAPL,walk,17,val,direction,1,BASELINE_ALL_ZERO,125,0.376,0.5,0.0,0.5,0.624,0.5,
AAPL,walk,17,test,direction,1,BASELINE_ALL_ZERO,125,0.456,0.5,0.0,0.5,0.544,0.5,
AAPL,walk,17,val,direction,1,BASELINE_CONST_FROM_TRAIN,125,0.624,0.5,0.7684729064039408,0.5,0.624,0.5,p_train=0.524
AAPL,walk,17,test,direction,1,BASELINE_CONST_FROM_TRAIN,125,0.544,0.5,0.7046632124352331,0.5,0.544,0.5,p_train=0.524
AAPL,walk,17,val,direction,1,LOGREG,125,0.624,0.5,0.7684729064039408,0.43426077468630664,0.624,0.05,t_f1=0.7685 C=0.5 balanced
AAPL,walk,17,test,direction,1,LOGREG,125,0.544,0.5,0.7046632124352331,0.5954592363261094,0.544,0.05,t_f1=0.7685 C=0.5 balanced
AAPL,walk,17,val,direction,1,HGB,125,0.64,0.5339607201309329,0.7692307692307693,0.4768139661756683,0.624,0.05,t_f1=0.7692 lr=0.03 depth=3 l2=1.0 leaf=30
AAPL,walk,17,test,direction,1,HGB,125,0.536,0.49264705882352944,0.6979166666666666,0.542311661506708,0.544,0.05,t_f1=0.7692 lr=0.03 depth=3 l2=1.0 leaf=30
AAPL,walk,18,val,direction,1,BASELINE_ALL_ZERO,125,0.36,0.5,0.0,0.5,0.64,0.5,
AAPL,walk,18,test,direction,1,BASELINE_ALL_ZERO,125,0.504,0.5,0.0,0.5,0.496,0.5,
AAPL,walk,18,val,direction,1,BASELINE_CONST_FROM_TRAIN,125,0.64,0.5,0.7804878048780488,0.5,0.64,0.5,p_train=0.526
AAPL,walk,18,test,direction,1,BASELINE_CONST_FROM_TRAIN,125,0.496,0.5,0.6631016042780749,0.5,0.496,0.5,p_train=0.526
AAPL,walk,18,val,direction,1,LOGREG,125,0.64,0.5,0.7804878048780488,0.5108333333333333,0.64,0.05,t_f1=0.7805 C=0.5 balanced
AAPL,walk,18,test,direction,1,LOGREG,125,0.496,0.5,0.6631016042780749,0.49974398361495137,0.496,0.05,t_f1=0.7805 C=0.5 balanced
AAPL,walk,18,val,direction,1,HGB,125,0.64,0.5,0.7804878048780488,0.5625,0.64,0.05,t_f1=0.7805 lr=0.03 depth=3 l2=1.0 leaf=30
AAPL,walk,18,test,direction,1,HGB,125,0.496,0.49987199180747566,0.6594594594594595,0.5012800819252432,0.496,0.05,t_f1=0.7805 lr=0.03 depth=3 l2=1.0 leaf=30
AAPL,walk,19,val,direction,1,BASELINE_ALL_ZERO,125,0.456,0.5,0.0,0.5,0.544,0.5,
AAPL,walk,19,test,direction,1,BASELINE_ALL_ZERO,125,0.472,0.5,0.0,0.5,0.528,0.5,
AAPL,walk,19,val,direction,1,BASELINE_CONST_FROM_TRAIN,125,0.544,0.5,0.7046632124352331,0.5,0.544,0.5,p_train=0.529
AAPL,walk,19,test,direction,1,BASELINE_CONST_FROM_TRAIN,125,0.528,0.5,0.6910994764397905,0.5,0.528,0.5,p_train=0.529
AAPL,walk,19,val,direction,1,LOGREG,125,0.544,0.5,0.7046632124352331,0.5242518059855521,0.544,0.05,t_f1=0.7047 C=0.5 balanced
AAPL,walk,19,test,direction,1,LOGREG,125,0.528,0.5,0.6910994764397905,0.4822804314329738,0.528,0.05,t_f1=0.7047 C=0.5 balanced
AAPL,walk,19,val,direction,1,HGB,125,0.544,0.5,0.7046632124352331,0.5072239422084623,0.544,0.05,t_f1=0.7047 lr=0.03 depth=3 l2=1.0 leaf=30
AAPL,walk,19,test,direction,1,HGB,125,0.528,0.5,0.6910994764397905,0.43297380585516176,0.528,0.05,t_f1=0.7047 lr=0.03 depth=3 l2=1.0 leaf=30
AAPL,walk,20,val,direction,1,BASELINE_ALL_ZERO,125,0.504,0.5,0.0,0.5,0.496,0.5,
AAPL,walk,20,test,direction,1,BASELINE_ALL_ZERO,125,0.456,0.5,0.0,0.5,0.544,0.5,
AAPL,walk,20,val,direction,1,BASELINE_CONST_FROM_TRAIN,125,0.496,0.5,0.6631016042780749,0.5,0.496,0.5,p_train=0.532
AAPL,walk,20,test,direction,1,BASELINE_CONST_FROM_TRAIN,125,0.544,0.5,0.7046632124352331,0.5,0.544,0.5,p_train=0.532
AAPL,walk,20,val,direction,1,LOGREG,125,0.504,0.5079365079365079,0.6666666666666666,0.44111623143881207,0.496,0.3,t_f1=0.6667 C=0.5 balanced
AAPL,walk,20,test,direction,1,LOGREG,125,0.544,0.5,0.7046632124352331,0.4533023735810114,0.544,0.3,t_f1=0.6667 C=0.5 balanced
AAPL,walk,20,val,direction,1,HGB,125,0.496,0.5,0.6631016042780749,0.5506912442396313,0.496,0.05,t_f1=0.6631 lr=0.03 depth=3 l2=1.0 leaf=30
AAPL,walk,20,test,direction,1,HGB,125,0.544,0.5,0.7046632124352331,0.5438596491228069,0.544,0.05,t_f1=0.6631 lr=0.03 depth=3 l2=1.0 leaf=30
^GSPC,walk,0,val,direction,1,BASELINE_ALL_ZERO,125,0.448,0.5,0.0,0.5,0.552,0.5,
^GSPC,walk,0,test,direction,1,BASELINE_ALL_ZERO,125,0.416,0.5,0.0,0.5,0.584,0.5,
^GSPC,walk,0,val,direction,1,BASELINE_CONST_FROM_TRAIN,125,0.552,0.5,0.711340206185567,0.5,0.552,0.5,p_train=0.541
^GSPC,walk,0,test,direction,1,BASELINE_CONST_FROM_TRAIN,125,0.584,0.5,0.7373737373737373,0.5,0.584,0.5,p_train=0.541
^GSPC,walk,0,val,direction,1,LOGREG,125,0.568,0.5212215320910973,0.7127659574468085,0.48291925465838503,0.552,0.3,t_f1=0.7128 C=0.5 balanced
^GSPC,walk,0,test,direction,1,LOGREG,125,0.576,0.49591675447839834,0.7282051282051282,0.46127502634351947,0.584,0.3,t_f1=0.7128 C=0.5 balanced
^GSPC,walk,0,val,direction,1,HGB,125,0.56,0.5089285714285714,0.7150259067357513,0.5157867494824017,0.552,0.05,t_f1=0.7150 lr=0.03 depth=3 l2=1.0 leaf=30
^GSPC,walk,0,test,direction,1,HGB,125,0.584,0.5,0.7373737373737373,0.5574288724973656,0.584,0.05,t_f1=0.7150 lr=0.03 depth=3 l2=1.0 leaf=30
^GSPC,walk,1,val,direction,1,BASELINE_ALL_ZERO,125,0.392,0.5,0.0,0.5,0.608,0.5,
^GSPC,walk,1,test,direction,1,BASELINE_ALL_ZERO,125,0.448,0.5,0.0,0.5,0.552,0.5,
^GSPC,walk,1,val,direction,1,BASELINE_CONST_FROM_TRAIN,125,0.608,0.5,0.7562189054726368,0.5,0.608,0.5,p_train=0.540
^GSPC,walk,1,test,direction,1,BASELINE_CONST_FROM_TRAIN,125,0.552,0.5,0.711340206185567,0.5,0.552,0.5,p_train=0.540
^GSPC,walk,1,val,direction,1,LOGREG,125,0.624,0.5204081632653061,0.7638190954773869,0.5075187969924813,0.608,0.15,t_f1=0.7638 C=0.5 balanced
^GSPC,walk,1,test,direction,1,LOGREG,125,0.552,0.5,0.711340206185567,0.4826604554865424,0.552,0.15,t_f1=0.7638 C=0.5 balanced
^GSPC,walk,1,val,direction,1,HGB,125,0.616,0.5210794844253491,0.7525773195876289,0.5853920515574652,0.608,0.05,t_f1=0.7526 lr=0.03 depth=3 l2=1.0 leaf=30
^GSPC,walk,1,test,direction,1,HGB,125,0.544,0.5011645962732919,0.6885245901639344,0.5313146997929606,0.552,0.05,t_f1=0.7526 lr=0.03 depth=3 l2=1.0 leaf=30
^GSPC,walk,2,val,direction,1,BASELINE_ALL_ZERO,125,0.416,0.5,0.0,0.5,0.584,0.5,
^GSPC,walk,2,test,direction,1,BASELINE_ALL_ZERO,125,0.448,0.5,0.0,0.5,0.552,0.5,
^GSPC,walk,2,val,direction,1,BASELINE_CONST_FROM_TRAIN,125,0.584,0.5,0.7373737373737373,0.5,0.584,0.5,p_train=0.542
^GSPC,walk,2,test,direction,1,BASELINE_CONST_FROM_TRAIN,125,0.552,0.5,0.711340206185567,0.5,0.552,0.5,p_train=0.542
^GSPC,walk,2,val,direction,1,LOGREG,125,0.584,0.5,0.7373737373737373,0.5092202318229715,0.584,0.05,t_f1=0.7374 C=0.5 balanced
^GSPC,walk,2,test,direction,1,LOGREG,125,0.552,0.5,0.711340206185567,0.49456521739130443,0.552,0.05,t_f1=0.7374 C=0.5 balanced
^GSPC,walk,2,val,direction,1,HGB,125,0.592,0.5123814541622761,0.7384615384615385,0.5516332982086406,0.584,0.05,t_f1=0.7385 lr=0.03 depth=3 l2=1.0 leaf=30
^GSPC,walk,2,test,direction,1,HGB,125,0.56,0.5089285714285714,0.7150259067357513,0.5670289855072463,0.552,0.05,t_f1=0.7385 lr=0.03 depth=3 l2=1.0 leaf=30
^GSPC,walk,3,val,direction,1,BASELINE_ALL_ZERO,125,0.448,0.5,0.0,0.5,0.552,0.5,
^GSPC,walk,3,test,direction,1,BASELINE_ALL_ZERO,125,0.44,0.5,0.0,0.5,0.56,0.5,
^GSPC,walk,3,val,direction,1,BASELINE_CONST_FROM_TRAIN,125,0.552,0.5,0.711340206185567,0.5,0.552,0.5,p_train=0.546
^GSPC,walk,3,test,direction,1,BASELINE_CONST_FROM_TRAIN,125,0.56,0.5,0.717948717948718,0.5,0.56,0.5,p_train=0.546
^GSPC,walk,3,val,direction,1,LOGREG,125,0.552,0.5,0.711340206185567,0.4891304347826087,0.552,0.05,t_f1=0.7113 C=0.5 balanced
^GSPC,walk,3,test,direction,1,LOGREG,125,0.56,0.5,0.717948717948718,0.48623376623376624,0.56,0.05,t_f1=0.7113 C=0.5 balanced
^GSPC,walk,3,val,direction,1,HGB,125,0.584,0.537396480331263,0.723404255319149,0.5144927536231885,0.552,0.05,t_f1=0.7234 lr=0.03 depth=3 l2=1.0 leaf=30
^GSPC,walk,3,test,direction,1,HGB,125,0.56,0.5,0.717948717948718,0.5916883116883116,0.56,0.05,t_f1=0.7234 lr=0.03 depth=3 l2=1.0 leaf=30
^GSPC,walk,4,val,direction,1,BASELINE_ALL_ZERO,125,0.448,0.5,0.0,0.5,0.552,0.5,
^GSPC,walk,4,test,direction,1,BASELINE_ALL_ZERO,125,0.408,0.5,0.0,0.5,0.592,0.5,
^GSPC,walk,4,val,direction,1,BASELINE_CONST_FROM_TRAIN,125,0.552,0.5,0.711340206185567,0.5,0.552,0.5,p_train=0.546
^GSPC,walk,4,test,direction,1,BASELINE_CONST_FROM_TRAIN,125,0.592,0.5,0.7437185929648241,0.5,0.592,0.5,p_train=0.546
^GSPC,walk,4,val,direction,1,LOGREG,125,0.56,0.5089285714285714,0.7150259067357513,0.5121635610766045,0.552,0.39999999999999997,t_f1=0.7150 C=0.5 balanced
^GSPC,walk,4,test,direction,1,LOGREG,125,0.592,0.5,0.7437185929648241,0.4602543720190779,0.592,0.39999999999999997,t_f1=0.7150 C=0.5 balanced
^GSPC,walk,4,val,direction,1,HGB,125,0.552,0.5016821946169773,0.7083333333333334,0.5916149068322981,0.552,0.05,t_f1=0.7083 lr=0.03 depth=3 l2=1.0 leaf=30
^GSPC,walk,4,test,direction,1,HGB,125,0.592,0.5,0.7437185929648241,0.5585585585585586,0.592,0.05,t_f1=0.7083 lr=0.03 depth=3 l2=1.0 leaf=30
^GSPC,walk,5,val,direction,1,BASELINE_ALL_ZERO,125,0.44,0.5,0.0,0.5,0.56,0.5,
^GSPC,walk,5,test,direction,1,BASELINE_ALL_ZERO,125,0.488,0.5,0.0,0.5,0.512,0.5,
^GSPC,walk,5,val,direction,1,BASELINE_CONST_FROM_TRAIN,125,0.56,0.5,0.717948717948718,0.5,0.56,0.5,p_train=0.547
^GSPC,walk,5,test,direction,1,BASELINE_CONST_FROM_TRAIN,125,0.512,0.5,0.6772486772486772,0.5,0.512,0.5,p_train=0.547
^GSPC,walk,5,val,direction,1,LOGREG,125,0.56,0.5,0.717948717948718,0.4953246753246754,0.56,0.05,t_f1=0.7179 C=0.5 balanced
^GSPC,walk,5,test,direction,1,LOGREG,125,0.512,0.5,0.6772486772486772,0.4618340163934426,0.512,0.05,t_f1=0.7179 C=0.5 balanced
^GSPC,walk,5,val,direction,1,HGB,125,0.584,0.5311688311688312,0.723404255319149,0.6238961038961041,0.56,0.1,t_f1=0.7234 lr=0.03 depth=3 l2=1.0 leaf=30
^GSPC,walk,5,test,direction,1,HGB,125,0.52,0.5097336065573771,0.6666666666666666,0.4859118852459017,0.512,0.1,t_f1=0.7234 lr=0.03 depth=3 l2=1.0 leaf=30
^GSPC,walk,6,val,direction,1,BASELINE_ALL_ZERO,125,0.408,0.5,0.0,0.5,0.592,0.5,
^GSPC,walk,6,test,direction,1,BASELINE_ALL_ZERO,125,0.552,0.5,0.0,0.5,0.448,0.5,
^GSPC,walk,6,val,direction,1,BASELINE_CONST_FROM_TRAIN,125,0.592,0.5,0.7437185929648241,0.5,0.592,0.5,p_train=0.547
^GSPC,walk,6,test,direction,1,BASELINE_CONST_FROM_TRAIN,125,0.448,0.5,0.6187845303867403,0.5,0.448,0.5,p_train=0.547
^GSPC,walk,6,val,direction,1,LOGREG,125,0.592,0.5,0.7437185929648241,0.43932167461579225,0.592,0.05,t_f1=0.7437 C=0.5 balanced
^GSPC,walk,6,test,direction,1,LOGREG,125,0.448,0.5,0.6187845303867403,0.46997929606625255,0.448,0.05,t_f1=0.7437 C=0.5 balanced
^GSPC,walk,6,val,direction,1,HGB,125,0.608,0.5196078431372549,0.751269035532995,0.5641229464758877,0.592,0.1,t_f1=0.7513 lr=0.03 depth=3 l2=1.0 leaf=30
^GSPC,walk,6,test,direction,1,HGB,125,0.464,0.5144927536231884,0.6256983240223464,0.5038819875776398,0.448,0.1,t_f1=0.7513 lr=0.03 depth=3 l2=1.0 leaf=30
^GSPC,walk,7,val,direction,1,BASELINE_ALL_ZERO,125,0.488,0.5,0.0,0.5,0.512,0.5,
^GSPC,walk,7,test,direction,1,BASELINE_ALL_ZERO,125,0.552,0.5,0.0,0.5,0.448,0.5,
^GSPC,walk,7,val,direction,1,BASELINE_CONST_FROM_TRAIN,125,0.512,0.5,0.6772486772486772,0.5,0.512,0.5,p_train=0.548
^GSPC,walk,7,test,direction,1,BASELINE_CONST_FROM_TRAIN,125,0.448,0.5,0.6187845303867403,0.5,0.448,0.5,p_train=0.548
^GSPC,walk,7,val,direction,1,LOGREG,125,0.512,0.5,0.6772486772486772,0.42315573770491804,0.512,0.05,t_f1=0.6772 C=0.5 balanced
^GSPC,walk,7,test,direction,1,LOGREG,125,0.448,0.5,0.6187845303867403,0.4997412008281574,0.448,0.05,t_f1=0.6772 C=0.5 balanced
^GSPC,walk,7,val,direction,1,HGB,125,0.52,0.5081967213114754,0.6808510638297872,0.48335040983606553,0.512,0.1,t_f1=0.6809 lr=0.03 depth=3 l2=1.0 leaf=30
^GSPC,walk,7,test,direction,1,HGB,125,0.456,0.505564182194617,0.6179775280898876,0.5227743271221532,0.448,0.1,t_f1=0.6809 lr=0.03 depth=3 l2=1.0 leaf=30
^GSPC,walk,8,val,direction,1,BASELINE_ALL_ZERO,125,0.552,0.5,0.0,0.5,0.448,0.5,
^GSPC,walk,8,test,direction,1,BASELINE_ALL_ZERO,125,0.584,0.5,0.0,0.5,0.416,0.5,
^GSPC,walk,8,val,direction,1,BASELINE_CONST_FROM_TRAIN,125,0.448,0.5,0.6187845303867403,0.5,0.448,0.5,p_train=0.550
^GSPC,walk,8,test,direction,1,BASELINE_CONST_FROM_TRAIN,125,0.416,0.5,0.5875706214689266,0.5,0.416,0.5,p_train=0.550
^GSPC,walk,8,val,direction,1,LOGREG,125,0.456,0.5072463768115942,0.6222222222222222,0.5023291925465838,0.448,0.35,t_f1=0.6222 C=0.5 balanced
^GSPC,walk,8,test,direction,1,LOGREG,125,0.416,0.4972339304531085,0.5828571428571429,0.5105374077976818,0.416,0.35,t_f1=0.6222 C=0.5 balanced
^GSPC,walk,8,val,direction,1,HGB,125,0.488,0.5362318840579711,0.6363636363636364,0.5134575569358177,0.448,0.15,t_f1=0.6364 lr=0.03 depth=3 l2=1.0 leaf=30
^GSPC,walk,8,test,direction,1,HGB,125,0.424,0.49855110642781875,0.5764705882352941,0.5295047418335089,0.416,0.15,t_f1=0.6364 lr=0.03 depth=3 l2=1.0 leaf=30
^GSPC,walk,9,val,direction,1,BASELINE_ALL_ZERO,125,0.552,0.5,0.0,0.5,0.448,0.5,
^GSPC,walk,9,test,direction,1,BASELINE_ALL_ZERO,125,0.544,0.5,0.0,0.5,0.456,0.5,
^GSPC,walk,9,val,direction,1,BASELINE_CONST_FROM_TRAIN,125,0.448,0.5,0.6187845303867403,0.5,0.448,0.5,p_train=0.546
^GSPC,walk,9,test,direction,1,BASELINE_CONST_FROM_TRAIN,125,0.456,0.5,0.6263736263736264,0.5,0.456,0.5,p_train=0.546
^GSPC,walk,9,val,direction,1,LOGREG,125,0.488,0.5362318840579711,0.6363636363636364,0.4761904761904762,0.448,0.35,t_f1=0.6364 C=0.5 balanced
^GSPC,walk,9,test,direction,1,LOGREG,125,0.448,0.48980908152734776,0.6145251396648045,0.5270897832817337,0.456,0.35,t_f1=0.6364 C=0.5 balanced
^GSPC,walk,9,val,direction,1,HGB,125,0.504,0.5439958592132506,0.6265060240963856,0.5033643892339544,0.448,0.3,t_f1=0.6265 lr=0.03 depth=3 l2=1.0 leaf=30
^GSPC,walk,9,test,direction,1,HGB,125,0.472,0.5076109391124871,0.611764705882353,0.5023219814241486,0.456,0.3,t_f1=0.6265 lr=0.03 depth=3 l2=1.0 leaf=30
^GSPC,walk,10,val,direction,1,BASELINE_ALL_ZERO,125,0.584,0.5,0.0,0.5,0.416,0.5,
^GSPC,walk,10,test,direction,1,BASELINE_ALL_ZERO,125,0.48,0.5,0.0,0.5,0.52,0.5,
^GSPC,walk,10,val,direction,1,BASELINE_CONST_FROM_TRAIN,125,0.416,0.5,0.5875706214689266,0.5,0.416,0.5,p_train=0.543
^GSPC,walk,10,test,direction,1,BASELINE_CONST_FROM_TRAIN,125,0.52,0.5,0.6842105263157895,0.5,0.52,0.5,p_train=0.543
^GSPC,walk,10,val,direction,1,LOGREG,125,0.416,0.5,0.5875706214689266,0.48682824025289784,0.416,0.05,t_f1=0.5876 C=0.5 balanced
^GSPC,walk,10,test,direction,1,LOGREG,125,0.52,0.5,0.6842105263157895,0.4805128205128205,0.52,0.05,t_f1=0.5876 C=0.5 balanced
^GSPC,walk,10,val,direction,1,HGB,125,0.416,0.5,0.5875706214689266,0.48472075869336145,0.416,0.05,t_f1=0.5876 lr=0.03 depth=3 l2=1.0 leaf=30
^GSPC,walk,10,test,direction,1,HGB,125,0.52,0.5,0.6842105263157895,0.5346153846153847,0.52,0.05,t_f1=0.5876 lr=0.03 depth=3 l2=1.0 leaf=30
^GSPC,walk,11,val,direction,1,BASELINE_ALL_ZERO,125,0.544,0.5,0.0,0.5,0.456,0.5,
^GSPC,walk,11,test,direction,1,BASELINE_ALL_ZERO,125,0.48,0.5,0.0,0.5,0.52,0.5,
^GSPC,walk,11,val,direction,1,BASELINE_CONST_FROM_TRAIN,125,0.456,0.5,0.6263736263736264,0.5,0.456,0.5,p_train=0.540
^GSPC,walk,11,test,direction,1,BASELINE_CONST_FROM_TRAIN,125,0.52,0.5,0.6842105263157895,0.5,0.52,0.5,p_train=0.540
^GSPC,walk,11,val,direction,1,LOGREG,125,0.496,0.5325077399380804,0.631578947368421,0.5546955624355006,0.456,0.39999999999999997,t_f1=0.6316 C=0.5 balanced
^GSPC,walk,11,test,direction,1,LOGREG,125,0.52,0.5,0.6842105263157895,0.42820512820512824,0.52,0.39999999999999997,t_f1=0.6316 C=0.5 balanced
^GSPC,walk,11,val,direction,1,HGB,125,0.456,0.5,0.6263736263736264,0.5345717234262125,0.456,0.05,t_f1=0.6264 lr=0.03 depth=3 l2=1.0 leaf=30
^GSPC,walk,11,test,direction,1,HGB,125,0.52,0.5,0.6842105263157895,0.568974358974359,0.52,0.05,t_f1=0.6264 lr=0.03 depth=3 l2=1.0 leaf=30
^GSPC,walk,12,val,direction,1,BASELINE_ALL_ZERO,125,0.48,0.5,0.0,0.5,0.52,0.5,
^GSPC,walk,12,test,direction,1,BASELINE_ALL_ZERO,125,0.432,0.5,0.0,0.5,0.568,0.5,
^GSPC,walk,12,val,direction,1,BASELINE_CONST_FROM_TRAIN,125,0.52,0.5,0.6842105263157895,0.5,0.52,0.5,p_train=0.535
^GSPC,walk,12,test,direction,1,BASELINE_CONST_FROM_TRAIN,125,0.568,0.5,0.7244897959183674,0.5,0.568,0.5,p_train=0.535
^GSPC,walk,12,val,direction,1,LOGREG,125,0.536,0.5166666666666667,0.6914893617021277,0.5246153846153847,0.52,0.39999999999999997,t_f1=0.6915 C=0.5 balanced
^GSPC,walk,12,test,direction,1,LOGREG,125,0.56,0.49295774647887325,0.717948717948718,0.3771517996870109,0.568,0.39999999999999997,t_f1=0.6915 C=0.5 balanced
^GSPC,walk,12,val,direction,1,HGB,125,0.52,0.5,0.6842105263157895,0.5335897435897435,0.52,0.05,t_f1=0.6842 lr=0.03 depth=3 l2=1.0 leaf=30
^GSPC,walk,12,test,direction,1,HGB,125,0.568,0.5,0.7244897959183674,0.5714658320292124,0.568,0.05,t_f1=0.6842 lr=0.03 depth=3 l2=1.0 leaf=30
^GSPC,walk,13,val,direction,1,BASELINE_ALL_ZERO,125,0.48,0.5,0.0,0.5,0.52,0.5,
^GSPC,walk,13,test,direction,1,BASELINE_ALL_ZERO,125,0.408,0.5,0.0,0.5,0.592,0.5,
^GSPC,walk,13,val,direction,1,BASELINE_CONST_FROM_TRAIN,125,0.52,0.5,0.6842105263157895,0.5,0.52,0.5,p_train=0.534
^GSPC,walk,13,test,direction,1,BASELINE_CONST_FROM_TRAIN,125,0.592,0.5,0.7437185929648241,0.5,0.592,0.5,p_train=0.534
^GSPC,walk,13,val,direction,1,LOGREG,125,0.52,0.5,0.6842105263157895,0.46384615384615385,0.52,0.05,t_f1=0.6842 C=0.5 balanced
^GSPC,walk,13,test,direction,1,LOGREG,125,0.592,0.5,0.7437185929648241,0.40540540540540543,0.592,0.05,t_f1=0.6842 C=0.5 balanced
^GSPC,walk,13,val,direction,1,HGB,125,0.584,0.5685897435897436,0.7045454545454546,0.5969230769230769,0.52,0.35,t_f1=0.7045 lr=0.03 depth=3 l2=1.0 leaf=30
^GSPC,walk,13,test,direction,1,HGB,125,0.536,0.5045045045045045,0.6329113924050633,0.5111287758346582,0.592,0.35,t_f1=0.7045 lr=0.03 depth=3 l2=1.0 leaf=30
^GSPC,walk,14,val,direction,1,BASELINE_ALL_ZERO,125,0.432,0.5,0.0,0.5,0.568,0.5,
^GSPC,walk,14,test,direction,1,BASELINE_ALL_ZERO,125,0.44,0.5,0.0,0.5,0.56,0.5,
^GSPC,walk,14,val,direction,1,BASELINE_CONST_FROM_TRAIN,125,0.568,0.5,0.7244897959183674,0.5,0.568,0.5,p_train=0.534
^GSPC,walk,14,test,direction,1,BASELINE_CONST_FROM_TRAIN,125,0.56,0.5,0.717948717948718,0.5,0.56,0.5,p_train=0.534
^GSPC,walk,14,val,direction,1,LOGREG,125,0.568,0.5,0.7244897959183674,0.36776212832550864,0.568,0.05,t_f1=0.7245 C=0.5 balanced
^GSPC,walk,14,test,direction,1,LOGREG,125,0.56,0.5,0.717948717948718,0.48727272727272725,0.56,0.05,t_f1=0.7245 C=0.5 balanced
^GSPC,walk,14,val,direction,1,HGB,125,0.568,0.5,0.7244897959183674,0.5033907146583203,0.568,0.05,t_f1=0.7245 lr=0.03 depth=3 l2=1.0 leaf=30
^GSPC,walk,14,test,direction,1,HGB,125,0.56,0.5,0.717948717948718,0.4898701298701299,0.56,0.05,t_f1=0.7245 lr=0.03 depth=3 l2=1.0 leaf=30
^GSPC,walk,15,val,direction,1,BASELINE_ALL_ZERO,125,0.408,0.5,0.0,0.5,0.592,0.5,
^GSPC,walk,15,test,direction,1,BASELINE_ALL_ZERO,125,0.416,0.5,0.0,0.5,0.584,0.5,
^GSPC,walk,15,val,direction,1,BASELINE_CONST_FROM_TRAIN,125,0.592,0.5,0.7437185929648241,0.5,0.592,0.5,p_train=0.533
^GSPC,walk,15,test,direction,1,BASELINE_CONST_FROM_TRAIN,125,0.584,0.5,0.7373737373737373,0.5,0.584,0.5,p_train=0.533
^GSPC,walk,15,val,direction,1,LOGREG,125,0.592,0.5,0.7437185929648241,0.3929517753047165,0.592,0.05,t_f1=0.7437 C=0.5 balanced
^GSPC,walk,15,test,direction,1,LOGREG,125,0.584,0.5,0.7373737373737373,0.4942044257112751,0.584,0.05,t_f1=0.7437 C=0.5 balanced
^GSPC,walk,15,val,direction,1,HGB,125,0.592,0.5,0.7437185929648241,0.4912559618441971,0.592,0.05,t_f1=0.7437 lr=0.03 depth=3 l2=1.0 leaf=30
^GSPC,walk,15,test,direction,1,HGB,125,0.584,0.5,0.7373737373737373,0.4965753424657534,0.584,0.05,t_f1=0.7437 lr=0.03 depth=3 l2=1.0 leaf=30
^GSPC,walk,16,val,direction,1,BASELINE_ALL_ZERO,125,0.44,0.5,0.0,0.5,0.56,0.5,
^GSPC,walk,16,test,direction,1,BASELINE_ALL_ZERO,125,0.408,0.5,0.0,0.5,0.592,0.5,
^GSPC,walk,16,val,direction,1,BASELINE_CONST_FROM_TRAIN,125,0.56,0.5,0.717948717948718,0.5,0.56,0.5,p_train=0.536
^GSPC,walk,16,test,direction,1,BASELINE_CONST_FROM_TRAIN,125,0.592,0.5,0.7437185929648241,0.5,0.592,0.5,p_train=0.536
^GSPC,walk,16,val,direction,1,LOGREG,125,0.56,0.5,0.717948717948718,0.47064935064935065,0.56,0.05,t_f1=0.7179 C=0.5 balanced
^GSPC,walk,16,test,direction,1,LOGREG,125,0.592,0.5,0.7437185929648241,0.46714361420243766,0.592,0.05,t_f1=0.7179 C=0.5 balanced
^GSPC,walk,16,val,direction,1,HGB,125,0.568,0.509090909090909,0.7216494845360825,0.4945454545454545,0.56,0.15,t_f1=0.7216 lr=0.03 depth=3 l2=1.0 leaf=30
^GSPC,walk,16,test,direction,1,HGB,125,0.568,0.48887122416534184,0.7157894736842105,0.49576046634870163,0.592,0.15,t_f1=0.7216 lr=0.03 depth=3 l2=1.0 leaf=30
^GSPC,walk,17,val,direction,1,BASELINE_ALL_ZERO,125,0.416,0.5,0.0,0.5,0.584,0.5,
^GSPC,walk,17,test,direction,1,BASELINE_ALL_ZERO,125,0.456,0.5,0.0,0.5,0.544,0.5,
^GSPC,walk,17,val,direction,1,BASELINE_CONST_FROM_TRAIN,125,0.584,0.5,0.7373737373737373,0.5,0.584,0.5,p_train=0.537
^GSPC,walk,17,test,direction,1,BASELINE_CONST_FROM_TRAIN,125,0.544,0.5,0.7046632124352331,0.5,0.544,0.5,p_train=0.537
^GSPC,walk,17,val,direction,1,LOGREG,125,0.584,0.5,0.7373737373737373,0.48867228661749207,0.584,0.05,t_f1=0.7374 C=0.5 balanced
^GSPC,walk,17,test,direction,1,LOGREG,125,0.544,0.5,0.7046632124352331,0.46981424148606815,0.544,0.05,t_f1=0.7374 C=0.5 balanced
^GSPC,walk,17,val,direction,1,HGB,125,0.576,0.4931506849315068,0.7309644670050761,0.5115911485774499,0.584,0.05,t_f1=0.7310 lr=0.03 depth=3 l2=1.0 leaf=30
^GSPC,walk,17,test,direction,1,HGB,125,0.544,0.5,0.7046632124352331,0.5588235294117647,0.544,0.05,t_f1=0.7310 lr=0.03 depth=3 l2=1.0 leaf=30
^GSPC,walk,18,val,direction,1,BASELINE_ALL_ZERO,125,0.408,0.5,0.0,0.5,0.592,0.5,
^GSPC,walk,18,test,direction,1,BASELINE_ALL_ZERO,125,0.44,0.5,0.0,0.5,0.56,0.5,
^GSPC,walk,18,val,direction,1,BASELINE_CONST_FROM_TRAIN,125,0.592,0.5,0.7437185929648241,0.5,0.592,0.5,p_train=0.538
^GSPC,walk,18,test,direction,1,BASELINE_CONST_FROM_TRAIN,125,0.56,0.5,0.717948717948718,0.5,0.56,0.5,p_train=0.538
^GSPC,walk,18,val,direction,1,LOGREG,125,0.592,0.5,0.7437185929648241,0.46608373078961307,0.592,0.05,t_f1=0.7437 C=0.5 balanced
^GSPC,walk,18,test,direction,1,LOGREG,125,0.56,0.5,0.717948717948718,0.4215584415584415,0.56,0.05,t_f1=0.7437 C=0.5 balanced
^GSPC,walk,18,val,direction,1,HGB,125,0.6,0.5098039215686274,0.7474747474747475,0.49523052464228934,0.592,0.05,t_f1=0.7475 lr=0.03 depth=3 l2=1.0 leaf=30
^GSPC,walk,18,test,direction,1,HGB,125,0.56,0.5,0.717948717948718,0.510909090909091,0.56,0.05,t_f1=0.7475 lr=0.03 depth=3 l2=1.0 leaf=30
^GSPC,walk,19,val,direction,1,BASELINE_ALL_ZERO,125,0.456,0.5,0.0,0.5,0.544,0.5,
^GSPC,walk,19,test,direction,1,BASELINE_ALL_ZERO,125,0.416,0.5,0.0,0.5,0.584,0.5,
^GSPC,walk,19,val,direction,1,BASELINE_CONST_FROM_TRAIN,125,0.544,0.5,0.7046632124352331,0.5,0.544,0.5,p_train=0.539
^GSPC,walk,19,test,direction,1,BASELINE_CONST_FROM_TRAIN,125,0.584,0.5,0.7373737373737373,0.5,0.584,0.5,p_train=0.539
^GSPC,walk,19,val,direction,1,LOGREG,125,0.56,0.5203818369453044,0.7058823529411765,0.45356037151702794,0.544,0.44999999999999996,t_f1=0.7059 C=0.5 balanced
^GSPC,walk,19,test,direction,1,LOGREG,125,0.456,0.4153055848261328,0.5853658536585366,0.47233930453108536,0.584,0.44999999999999996,t_f1=0.7059 C=0.5 balanced
^GSPC,walk,19,val,direction,1,HGB,125,0.544,0.5,0.7046632124352331,0.4881320949432405,0.544,0.05,t_f1=0.7047 lr=0.03 depth=3 l2=1.0 leaf=30
^GSPC,walk,19,test,direction,1,HGB,125,0.584,0.5,0.7373737373737373,0.5397787144362486,0.584,0.05,t_f1=0.7047 lr=0.03 depth=3 l2=1.0 leaf=30
^GSPC,walk,20,val,direction,1,BASELINE_ALL_ZERO,125,0.44,0.5,0.0,0.5,0.56,0.5,
^GSPC,walk,20,test,direction,1,BASELINE_ALL_ZERO,125,0.416,0.5,0.0,0.5,0.584,0.5,
^GSPC,walk,20,val,direction,1,BASELINE_CONST_FROM_TRAIN,125,0.56,0.5,0.717948717948718,0.5,0.56,0.5,p_train=0.540
^GSPC,walk,20,test,direction,1,BASELINE_CONST_FROM_TRAIN,125,0.584,0.5,0.7373737373737373,0.5,0.584,0.5,p_train=0.540
^GSPC,walk,20,val,direction,1,LOGREG,125,0.568,0.509090909090909,0.7216494845360825,0.4457142857142857,0.56,0.15,t_f1=0.7216 C=0.5 balanced
^GSPC,walk,20,test,direction,1,LOGREG,125,0.584,0.5,0.7373737373737373,0.5313487881981032,0.584,0.15,t_f1=0.7216 C=0.5 balanced
^GSPC,walk,20,val,direction,1,HGB,125,0.576,0.5181818181818182,0.7253886010362695,0.5516883116883117,0.56,0.1,t_f1=0.7254 lr=0.03 depth=3 l2=1.0 leaf=30
^GSPC,walk,20,test,direction,1,HGB,125,0.6,0.5192307692307693,0.7448979591836735,0.5389884088514225,0.584,0.1,t_f1=0.7254 lr=0.03 depth=3 l2=1.0 leaf=30
^IXIC,walk,0,val,direction,1,BASELINE_ALL_ZERO,125,0.384,0.5,0.0,0.5,0.616,0.5,
^IXIC,walk,0,test,direction,1,BASELINE_ALL_ZERO,125,0.384,0.5,0.0,0.5,0.616,0.5,
^IXIC,walk,0,val,direction,1,BASELINE_CONST_FROM_TRAIN,125,0.616,0.5,0.7623762376237624,0.5,0.616,0.5,p_train=0.555
^IXIC,walk,0,test,direction,1,BASELINE_CONST_FROM_TRAIN,125,0.616,0.5,0.7623762376237624,0.5,0.616,0.5,p_train=0.555
^IXIC,walk,0,val,direction,1,LOGREG,125,0.624,0.5104166666666666,0.7661691542288557,0.4531926406926407,0.616,0.1,t_f1=0.7662 C=0.5 balanced
^IXIC,walk,0,test,direction,1,LOGREG,125,0.616,0.5,0.7623762376237624,0.5619588744588745,0.616,0.1,t_f1=0.7662 C=0.5 balanced
^IXIC,walk,0,val,direction,1,HGB,125,0.6,0.5027056277056277,0.7395833333333334,0.4518398268398268,0.616,0.05,t_f1=0.7396 lr=0.03 depth=3 l2=1.0 leaf=30
^IXIC,walk,0,test,direction,1,HGB,125,0.584,0.48579545454545453,0.7291666666666666,0.49025974025974023,0.616,0.05,t_f1=0.7396 lr=0.03 depth=3 l2=1.0 leaf=30
^IXIC,walk,1,val,direction,1,BASELINE_ALL_ZERO,125,0.352,0.5,0.0,0.5,0.648,0.5,
^IXIC,walk,1,test,direction,1,BASELINE_ALL_ZERO,125,0.408,0.5,0.0,0.5,0.592,0.5,
^IXIC,walk,1,val,direction,1,BASELINE_CONST_FROM_TRAIN,125,0.648,0.5,0.7864077669902912,0.5,0.648,0.5,p_train=0.555
^IXIC,walk,1,test,direction,1,BASELINE_CONST_FROM_TRAIN,125,0.592,0.5,0.7437185929648241,0.5,0.592,0.5,p_train=0.555
^IXIC,walk,1,val,direction,1,LOGREG,125,0.664,0.5227272727272727,0.7941176470588235,0.5982042648709315,0.648,0.1,t_f1=0.7941 C=0.5 balanced
^IXIC,walk,1,test,direction,1,LOGREG,125,0.592,0.5,0.7437185929648241,0.5177530471648119,0.592,0.1,t_f1=0.7941 C=0.5 balanced
^IXIC,walk,1,val,direction,1,HGB,125,0.632,0.5136083052749719,0.7628865979381443,0.5507856341189673,0.648,0.05,t_f1=0.7629 lr=0.03 depth=3 l2=1.0 leaf=30
^IXIC,walk,1,test,direction,1,HGB,125,0.56,0.48211446740858505,0.708994708994709,0.48860625331213564,0.592,0.05,t_f1=0.7629 lr=0.03 depth=3 l2=1.0 leaf=30
^IXIC,walk,2,val,direction,1,BASELINE_ALL_ZERO,125,0.384,0.5,0.0,0.5,0.616,0.5,
^IXIC,walk,2,test,direction,1,BASELINE_ALL_ZERO,125,0.448,0.5,0.0,0.5,0.552,0.5,
^IXIC,walk,2,val,direction,1,BASELINE_CONST_FROM_TRAIN,125,0.616,0.5,0.7623762376237624,0.5,0.616,0.5,p_train=0.561
^IXIC,walk,2,test,direction,1,BASELINE_CONST_FROM_TRAIN,125,0.552,0.5,0.711340206185567,0.5,0.552,0.5,p_train=0.561
^IXIC,walk,2,val,direction,1,LOGREG,125,0.616,0.5,0.7623762376237624,0.5971320346320346,0.616,0.05,t_f1=0.7624 C=0.5 balanced
^IXIC,walk,2,test,direction,1,LOGREG,125,0.552,0.5,0.711340206185567,0.5812629399585921,0.552,0.05,t_f1=0.7624 C=0.5 balanced
^IXIC,walk,2,val,direction,1,HGB,125,0.608,0.4974296536796537,0.7537688442211056,0.5097402597402597,0.616,0.05,t_f1=0.7538 lr=0.03 depth=3 l2=1.0 leaf=30
^IXIC,walk,2,test,direction,1,HGB,125,0.56,0.5089285714285714,0.7150259067357513,0.5049171842650104,0.552,0.05,t_f1=0.7538 lr=0.03 depth=3 l2=1.0 leaf=30
^IXIC,walk,3,val,direction,1,BASELINE_ALL_ZERO,125,0.408,0.5,0.0,0.5,0.592,0.5,
^IXIC,walk,3,test,direction,1,BASELINE_ALL_ZERO,125,0.44,0.5,0.0,0.5,0.56,0.5,
^IXIC,walk,3,val,direction,1,BASELINE_CONST_FROM_TRAIN,125,0.592,0.5,0.7437185929648241,0.5,0.592,0.5,p_train=0.563
^IXIC,walk,3,test,direction,1,BASELINE_CONST_FROM_TRAIN,125,0.56,0.5,0.717948717948718,0.5,0.56,0.5,p_train=0.563
^IXIC,walk,3,val,direction,1,LOGREG,125,0.592,0.5,0.7437185929648241,0.5344462109167991,0.592,0.05,t_f1=0.7437 C=0.5 balanced
^IXIC,walk,3,test,direction,1,LOGREG,125,0.56,0.5,0.717948717948718,0.518961038961039,0.56,0.05,t_f1=0.7437 C=0.5 balanced
^IXIC,walk,3,val,direction,1,HGB,125,0.608,0.5226550079491256,0.7487179487179487,0.5410704822469528,0.592,0.05,t_f1=0.7487 lr=0.03 depth=3 l2=1.0 leaf=30
^IXIC,walk,3,test,direction,1,HGB,125,0.568,0.509090909090909,0.7216494845360825,0.535064935064935,0.56,0.05,t_f1=0.7487 lr=0.03 depth=3 l2=1.0 leaf=30
^IXIC,walk,4,val,direction,1,BASELINE_ALL_ZERO,125,0.448,0.5,0.0,0.5,0.552,0.5,
^IXIC,walk,4,test,direction,1,BASELINE_ALL_ZERO,125,0.408,0.5,0.0,0.5,0.592,0.5,
^IXIC,walk,4,val,direction,1,BASELINE_CONST_FROM_TRAIN,125,0.552,0.5,0.711340206185567,0.5,0.552,0.5,p_train=0.566
^IXIC,walk,4,test,direction,1,BASELINE_CONST_FROM_TRAIN,125,0.592,0.5,0.7437185929648241,0.5,0.592,0.5,p_train=0.566
^IXIC,walk,4,val,direction,1,LOGREG,125,0.592,0.5463250517598344,0.7272727272727273,0.5683229813664596,0.552,0.5499999999999999,t_f1=0.7273 C=0.5 balanced
^IXIC,walk,4,test,direction,1,LOGREG,125,0.576,0.4895336512983572,0.7282051282051282,0.46687864334923157,0.592,0.5499999999999999,t_f1=0.7273 C=0.5 balanced
^IXIC,walk,4,val,direction,1,HGB,125,0.568,0.5195393374741201,0.7157894736842105,0.5390786749482401,0.552,0.2,t_f1=0.7158 lr=0.03 depth=3 l2=1.0 leaf=30
^IXIC,walk,4,test,direction,1,HGB,125,0.56,0.47297297297297297,0.717948717948718,0.46263910969793326,0.592,0.2,t_f1=0.7158 lr=0.03 depth=3 l2=1.0 leaf=30
^IXIC,walk,5,val,direction,1,BASELINE_ALL_ZERO,125,0.44,0.5,0.0,0.5,0.56,0.5,
^IXIC,walk,5,test,direction,1,BASELINE_ALL_ZERO,125,0.488,0.5,0.0,0.5,0.512,0.5,
^IXIC,walk,5,val,direction,1,BASELINE_CONST_FROM_TRAIN,125,0.56,0.5,0.717948717948718,0.5,0.56,0.5,p_train=0.566
^IXIC,walk,5,test,direction,1,BASELINE_CONST_FROM_TRAIN,125,0.512,0.5,0.6772486772486772,0.5,0.512,0.5,p_train=0.566
^IXIC,walk,5,val,direction,1,LOGREG,125,0.584,0.5292207792207793,0.7263157894736842,0.5007792207792208,0.56,0.44999999999999996,t_f1=0.7263 C=0.5 balanced
^IXIC,walk,5,test,direction,1,LOGREG,125,0.504,0.5002561475409836,0.5753424657534246,0.45952868852459017,0.512,0.44999999999999996,t_f1=0.7263 C=0.5 balanced
^IXIC,walk,5,val,direction,1,HGB,125,0.56,0.5,0.717948717948718,0.5431168831168831,0.56,0.05,t_f1=0.7179 lr=0.03 depth=3 l2=1.0 leaf=30
^IXIC,walk,5,test,direction,1,HGB,125,0.488,0.4765625,0.6559139784946236,0.48719262295081966,0.512,0.05,t_f1=0.7179 lr=0.03 depth=3 l2=1.0 leaf=30
^IXIC,walk,6,val,direction,1,BASELINE_ALL_ZERO,125,0.408,0.5,0.0,0.5,0.592,0.5,
^IXIC,walk,6,test,direction,1,BASELINE_ALL_ZERO,125,0.552,0.5,0.0,0.5,0.448,0.5,
^IXIC,walk,6,val,direction,1,BASELINE_CONST_FROM_TRAIN,125,0.592,0.5,0.7437185929648241,0.5,0.592,0.5,p_train=0.564
^IXIC,walk,6,test,direction,1,BASELINE_CONST_FROM_TRAIN,125,0.448,0.5,0.6187845303867403,0.5,0.448,0.5,p_train=0.564
^IXIC,walk,6,val,direction,1,LOGREG,125,0.6,0.5098039215686274,0.7474747474747475,0.44992050874403816,0.592,0.35,t_f1=0.7475 C=0.5 balanced
^IXIC,walk,6,test,direction,1,LOGREG,125,0.464,0.48589544513457555,0.5379310344827586,0.48007246376811596,0.448,0.35,t_f1=0.7475 C=0.5 balanced
^IXIC,walk,6,val,direction,1,HGB,125,0.568,0.4797297297297297,0.7244897959183674,0.4896661367249603,0.592,0.05,t_f1=0.7245 lr=0.03 depth=3 l2=1.0 leaf=30
^IXIC,walk,6,test,direction,1,HGB,125,0.464,0.5144927536231884,0.6256983240223464,0.6074016563146999,0.448,0.05,t_f1=0.7245 lr=0.03 depth=3 l2=1.0 leaf=30
^IXIC,walk,7,val,direction,1,BASELINE_ALL_ZERO,125,0.488,0.5,0.0,0.5,0.512,0.5,
^IXIC,walk,7,test,direction,1,BASELINE_ALL_ZERO,125,0.552,0.5,0.0,0.5,0.448,0.5,
^IXIC,walk,7,val,direction,1,BASELINE_CONST_FROM_TRAIN,125,0.512,0.5,0.6772486772486772,0.5,0.512,0.5,p_train=0.566
^IXIC,walk,7,test,direction,1,BASELINE_CONST_FROM_TRAIN,125,0.448,0.5,0.6187845303867403,0.5,0.448,0.5,p_train=0.566
^IXIC,walk,7,val,direction,1,LOGREG,125,0.512,0.5,0.6772486772486772,0.4444159836065574,0.512,0.05,t_f1=0.6772 C=0.5 balanced
^IXIC,walk,7,test,direction,1,LOGREG,125,0.448,0.5,0.6187845303867403,0.480072463768116,0.448,0.05,t_f1=0.6772 C=0.5 balanced
^IXIC,walk,7,val,direction,1,HGB,125,0.504,0.4921875,0.6702127659574468,0.4638831967213115,0.512,0.05,t_f1=0.6702 lr=0.03 depth=3 l2=1.0 leaf=30
^IXIC,walk,7,test,direction,1,HGB,125,0.456,0.505564182194617,0.6179775280898876,0.5610766045548655,0.448,0.05,t_f1=0.6702 lr=0.03 depth=3 l2=1.0 leaf=30
^IXIC,walk,8,val,direction,1,BASELINE_ALL_ZERO,125,0.552,0.5,0.0,0.5,0.448,0.5,
^IXIC,walk,8,test,direction,1,BASELINE_ALL_ZERO,125,0.568,0.5,0.0,0.5,0.432,0.5,
^IXIC,walk,8,val,direction,1,BASELINE_CONST_FROM_TRAIN,125,0.448,0.5,0.6187845303867403,0.5,0.448,0.5,p_train=0.566
^IXIC,walk,8,test,direction,1,BASELINE_CONST_FROM_TRAIN,125,0.432,0.5,0.6033519553072626,0.5,0.432,0.5,p_train=0.566
^IXIC,walk,8,val,direction,1,LOGREG,125,0.448,0.5,0.6187845303867403,0.4912008281573499,0.448,0.05,t_f1=0.6188 C=0.5 balanced
^IXIC,walk,8,test,direction,1,LOGREG,125,0.432,0.5,0.6033519553072626,0.4587897756911842,0.432,0.05,t_f1=0.6188 C=0.5 balanced
^IXIC,walk,8,val,direction,1,HGB,125,0.528,0.5657349896480331,0.6380368098159509,0.5822981366459629,0.448,0.25,t_f1=0.6380 lr=0.03 depth=3 l2=1.0 leaf=30
^IXIC,walk,8,test,direction,1,HGB,125,0.416,0.474830464267084,0.5730994152046783,0.5078247261345853,0.432,0.25,t_f1=0.6380 lr=0.03 depth=3 l2=1.0 leaf=30
^IXIC,walk,9,val,direction,1,BASELINE_ALL_ZERO,125,0.552,0.5,0.0,0.5,0.448,0.5,
^IXIC,walk,9,test,direction,1,BASELINE_ALL_ZERO,125,0.504,0.5,0.0,0.5,0.496,0.5,
^IXIC,walk,9,val,direction,1,BASELINE_CONST_FROM_TRAIN,125,0.448,0.5,0.6187845303867403,0.5,0.448,0.5,p_train=0.562
^IXIC,walk,9,test,direction,1,BASELINE_CONST_FROM_TRAIN,125,0.496,0.5,0.6631016042780749,0.5,0.496,0.5,p_train=0.562
^IXIC,walk,9,val,direction,1,LOGREG,125,0.472,0.5217391304347826,0.6292134831460674,0.510351966873706,0.448,0.3,t_f1=0.6292 C=0.5 balanced
^IXIC,walk,9,test,direction,1,LOGREG,125,0.488,0.49193548387096775,0.6559139784946236,0.4564772145417307,0.496,0.3,t_f1=0.6292 C=0.5 balanced
^IXIC,walk,9,val,direction,1,HGB,125,0.464,0.5111283643892339,0.6171428571428571,0.5380434782608695,0.448,0.15,t_f1=0.6171 lr=0.03 depth=3 l2=1.0 leaf=30
^IXIC,walk,9,test,direction,1,HGB,125,0.472,0.47580645161290325,0.6413043478260869,0.4567332309267793,0.496,0.15,t_f1=0.6171 lr=0.03 depth=3 l2=1.0 leaf=30
^IXIC,walk,10,val,direction,1,BASELINE_ALL_ZERO,125,0.568,0.5,0.0,0.5,0.432,0.5,
^IXIC,walk,10,test,direction,1,BASELINE_ALL_ZERO,125,0.464,0.5,0.0,0.5,0.536,0.5,
^IXIC,walk,10,val,direction,1,BASELINE_CONST_FROM_TRAIN,125,0.432,0.5,0.6033519553072626,0.5,0.432,0.5,p_train=0.558
^IXIC,walk,10,test,direction,1,BASELINE_CONST_FROM_TRAIN,125,0.536,0.5,0.6979166666666666,0.5,0.536,0.5,p_train=0.558
^IXIC,walk,10,val,direction,1,LOGREG,125,0.432,0.5,0.6033519553072626,0.46426708398539385,0.432,0.05,t_f1=0.6034 C=0.5 balanced
^IXIC,walk,10,test,direction,1,LOGREG,125,0.536,0.5,0.6979166666666666,0.43721049922799793,0.536,0.05,t_f1=0.6034 C=0.5 balanced
^IXIC,walk,10,val,direction,1,HGB,125,0.496,0.5408189880020866,0.5987261146496815,0.5106937923839332,0.432,0.3,t_f1=0.5987 lr=0.03 depth=3 l2=1.0 leaf=30
^IXIC,walk,10,test,direction,1,HGB,125,0.512,0.4857179619145651,0.6514285714285715,0.5761708697889861,0.536,0.3,t_f1=0.5987 lr=0.03 depth=3 l2=1.0 leaf=30
^IXIC,walk,11,val,direction,1,BASELINE_ALL_ZERO,125,0.504,0.5,0.0,0.5,0.496,0.5,
^IXIC,walk,11,test,direction,1,BASELINE_ALL_ZERO,125,0.488,0.5,0.0,0.5,0.512,0.5,
^IXIC,walk,11,val,direction,1,BASELINE_CONST_FROM_TRAIN,125,0.496,0.5,0.6631016042780749,0.5,0.496,0.5,p_train=0.554
^IXIC,walk,11,test,direction,1,BASELINE_CONST_FROM_TRAIN,125,0.512,0.5,0.6772486772486772,0.5,0.512,0.5,p_train=0.554
^IXIC,walk,11,val,direction,1,LOGREG,125,0.496,0.5,0.6631016042780749,0.5046082949308756,0.496,0.05,t_f1=0.6631 C=0.5 balanced
^IXIC,walk,11,test,direction,1,LOGREG,125,0.512,0.5,0.6772486772486772,0.4223872950819672,0.512,0.05,t_f1=0.6631 C=0.5 balanced
^IXIC,walk,11,val,direction,1,HGB,125,0.496,0.5,0.6631016042780749,0.4882232462877625,0.496,0.05,t_f1=0.6631 lr=0.03 depth=3 l2=1.0 leaf=30
^IXIC,walk,11,test,direction,1,HGB,125,0.512,0.5,0.6772486772486772,0.5066598360655737,0.512,0.05,t_f1=0.6631 lr=0.03 depth=3 l2=1.0 leaf=30
^IXIC,walk,12,val,direction,1,BASELINE_ALL_ZERO,125,0.464,0.5,0.0,0.5,0.536,0.5,
^IXIC,walk,12,test,direction,1,BASELINE_ALL_ZERO,125,0.416,0.5,0.0,0.5,0.584,0.5,
^IXIC,walk,12,val,direction,1,BASELINE_CONST_FROM_TRAIN,125,0.536,0.5,0.6979166666666666,0.5,0.536,0.5,p_train=0.550
^IXIC,walk,12,test,direction,1,BASELINE_CONST_FROM_TRAIN,125,0.584,0.5,0.7373737373737373,0.5,0.584,0.5,p_train=0.550
^IXIC,walk,12,val,direction,1,LOGREG,125,0.544,0.5086206896551724,0.7015706806282722,0.46834791559444167,0.536,0.39999999999999997,t_f1=0.7016 C=0.5 balanced
^IXIC,walk,12,test,direction,1,LOGREG,125,0.56,0.4794520547945205,0.717948717948718,0.45231822971549,0.584,0.39999999999999997,t_f1=0.7016 C=0.5 balanced
^IXIC,walk,12,val,direction,1,HGB,125,0.568,0.5367987647967062,0.7065217391304348,0.5733401955738548,0.536,0.25,t_f1=0.7065 lr=0.03 depth=3 l2=1.0 leaf=30
^IXIC,walk,12,test,direction,1,HGB,125,0.608,0.5343782929399368,0.743455497382199,0.48208640674394093,0.584,0.25,t_f1=0.7065 lr=0.03 depth=3 l2=1.0 leaf=30
^IXIC,walk,13,val,direction,1,BASELINE_ALL_ZERO,125,0.488,0.5,0.0,0.5,0.512,0.5,
^IXIC,walk,13,test,direction,1,BASELINE_ALL_ZERO,125,0.384,0.5,0.0,0.5,0.616,0.5,
^IXIC,walk,13,val,direction,1,BASELINE_CONST_FROM_TRAIN,125,0.512,0.5,0.6772486772486772,0.5,0.512,0.5,p_train=0.550
^IXIC,walk,13,test,direction,1,BASELINE_CONST_FROM_TRAIN,125,0.616,0.5,0.7623762376237624,0.5,0.616,0.5,p_train=0.550
^IXIC,walk,13,val,direction,1,LOGREG,125,0.512,0.5,0.6772486772486772,0.4326331967213115,0.512,0.05,t_f1=0.6772 C=0.5 balanced
^IXIC,walk,13,test,direction,1,LOGREG,125,0.616,0.5,0.7623762376237624,0.4778138528138528,0.616,0.05,t_f1=0.6772 C=0.5 balanced
^IXIC,walk,13,val,direction,1,HGB,125,0.536,0.5249743852459017,0.6847826086956522,0.5678790983606556,0.512,0.3,t_f1=0.6848 lr=0.03 depth=3 l2=1.0 leaf=30
^IXIC,walk,13,test,direction,1,HGB,125,0.624,0.5378787878787878,0.7486631016042781,0.5841450216450217,0.616,0.3,t_f1=0.6848 lr=0.03 depth=3 l2=1.0 leaf=30
^IXIC,walk,14,val,direction,1,BASELINE_ALL_ZERO,125,0.416,0.5,0.0,0.5,0.584,0.5,
^IXIC,walk,14,test,direction,1,BASELINE_ALL_ZERO,125,0.448,0.5,0.0,0.5,0.552,0.5,
^IXIC,walk,14,val,direction,1,BASELINE_CONST_FROM_TRAIN,125,0.584,0.5,0.7373737373737373,0.5,0.584,0.5,p_train=0.549
^IXIC,walk,14,test,direction,1,BASELINE_CONST_FROM_TRAIN,125,0.552,0.5,0.711340206185567,0.5,0.552,0.5,p_train=0.549
^IXIC,walk,14,val,direction,1,LOGREG,125,0.584,0.5,0.7373737373737373,0.44889357218124337,0.584,0.05,t_f1=0.7374 C=0.5 balanced
^IXIC,walk,14,test,direction,1,LOGREG,125,0.552,0.5,0.711340206185567,0.49145962732919257,0.552,0.05,t_f1=0.7374 C=0.5 balanced
^IXIC,walk,14,val,direction,1,HGB,125,0.592,0.5096153846153846,0.7411167512690355,0.4794520547945205,0.584,0.1,t_f1=0.7411 lr=0.03 depth=3 l2=1.0 leaf=30
^IXIC,walk,14,test,direction,1,HGB,125,0.552,0.5,0.711340206185567,0.5515010351966874,0.552,0.1,t_f1=0.7411 lr=0.03 depth=3 l2=1.0 leaf=30
^IXIC,walk,15,val,direction,1,BASELINE_ALL_ZERO,125,0.384,0.5,0.0,0.5,0.616,0.5,
^IXIC,walk,15,test,direction,1,BASELINE_ALL_ZERO,125,0.408,0.5,0.0,0.5,0.592,0.5,
^IXIC,walk,15,val,direction,1,BASELINE_CONST_FROM_TRAIN,125,0.616,0.5,0.7623762376237624,0.5,0.616,0.5,p_train=0.548
^IXIC,walk,15,test,direction,1,BASELINE_CONST_FROM_TRAIN,125,0.592,0.5,0.7437185929648241,0.5,0.592,0.5,p_train=0.548
^IXIC,walk,15,val,direction,1,LOGREG,125,0.616,0.5,0.7623762376237624,0.47132034632034636,0.616,0.05,t_f1=0.7624 C=0.5 balanced
^IXIC,walk,15,test,direction,1,LOGREG,125,0.592,0.5,0.7437185929648241,0.48198198198198194,0.592,0.05,t_f1=0.7624 C=0.5 balanced
^IXIC,walk,15,val,direction,1,HGB,125,0.624,0.5104166666666666,0.7661691542288557,0.5059523809523809,0.616,0.1,t_f1=0.7662 lr=0.03 depth=3 l2=1.0 leaf=30
^IXIC,walk,15,test,direction,1,HGB,125,0.584,0.4993375728669846,0.7319587628865979,0.5967143614202438,0.592,0.1,t_f1=0.7662 lr=0.03 depth=3 l2=1.0 leaf=30
^IXIC,walk,16,val,direction,1,BASELINE_ALL_ZERO,125,0.448,0.5,0.0,0.5,0.552,0.5,
^IXIC,walk,16,test,direction,1,BASELINE_ALL_ZERO,125,0.376,0.5,0.0,0.5,0.624,0.5,
^IXIC,walk,16,val,direction,1,BASELINE_CONST_FROM_TRAIN,125,0.552,0.5,0.711340206185567,0.5,0.552,0.5,p_train=0.551
^IXIC,walk,16,test,direction,1,BASELINE_CONST_FROM_TRAIN,125,0.624,0.5,0.7684729064039408,0.5,0.624,0.5,p_train=0.551
^IXIC,walk,16,val,direction,1,LOGREG,125,0.552,0.5,0.711340206185567,0.48317805383022777,0.552,0.05,t_f1=0.7113 C=0.5 balanced
^IXIC,walk,16,test,direction,1,LOGREG,125,0.624,0.5,0.7684729064039408,0.5120021822149482,0.624,0.05,t_f1=0.7113 C=0.5 balanced
^IXIC,walk,16,val,direction,1,HGB,125,0.592,0.5496894409937888,0.7213114754098361,0.5346790890269152,0.552,0.25,t_f1=0.7213 lr=0.03 depth=3 l2=1.0 leaf=30
^IXIC,walk,16,test,direction,1,HGB,125,0.6,0.556873977086743,0.6951219512195121,0.5600109110747408,0.624,0.25,t_f1=0.7213 lr=0.03 depth=3 l2=1.0 leaf=30
^IXIC,walk,17,val,direction,1,BASELINE_ALL_ZERO,125,0.408,0.5,0.0,0.5,0.592,0.5,
^IXIC,walk,17,test,direction,1,BASELINE_ALL_ZERO,125,0.456,0.5,0.0,0.5,0.544,0.5,
^IXIC,walk,17,val,direction,1,BASELINE_CONST_FROM_TRAIN,125,0.592,0.5,0.7437185929648241,0.5,0.592,0.5,p_train=0.552
^IXIC,walk,17,test,direction,1,BASELINE_CONST_FROM_TRAIN,125,0.544,0.5,0.7046632124352331,0.5,0.544,0.5,p_train=0.552
^IXIC,walk,17,val,direction,1,LOGREG,125,0.592,0.5,0.7437185929648241,0.46767355590885,0.592,0.05,t_f1=0.7437 C=0.5 balanced
^IXIC,walk,17,test,direction,1,LOGREG,125,0.544,0.5,0.7046632124352331,0.5113519091847265,0.544,0.05,t_f1=0.7437 C=0.5 balanced
^IXIC,walk,17,val,direction,1,HGB,125,0.592,0.5030471648118707,0.7411167512690355,0.5694223635400106,0.592,0.05,t_f1=0.7411 lr=0.03 depth=3 l2=1.0 leaf=30
^IXIC,walk,17,test,direction,1,HGB,125,0.544,0.5,0.7046632124352331,0.5614035087719298,0.544,0.05,t_f1=0.7411 lr=0.03 depth=3 l2=1.0 leaf=30
^IXIC,walk,18,val,direction,1,BASELINE_ALL_ZERO,125,0.376,0.5,0.0,0.5,0.624,0.5,
^IXIC,walk,18,test,direction,1,BASELINE_ALL_ZERO,125,0.456,0.5,0.0,0.5,0.544,0.5,
^IXIC,walk,18,val,direction,1,BASELINE_CONST_FROM_TRAIN,125,0.624,0.5,0.7684729064039408,0.5,0.624,0.5,p_train=0.552
^IXIC,walk,18,test,direction,1,BASELINE_CONST_FROM_TRAIN,125,0.544,0.5,0.7046632124352331,0.5,0.544,0.5,p_train=0.552
^IXIC,walk,18,val,direction,1,LOGREG,125,0.624,0.5,0.7684729064039408,0.521822149481724,0.624,0.05,t_f1=0.7685 C=0.5 balanced
^IXIC,walk,18,test,direction,1,LOGREG,125,0.544,0.5,0.7046632124352331,0.4847781217750259,0.544,0.05,t_f1=0.7685 C=0.5 balanced
^IXIC,walk,18,val,direction,1,HGB,125,0.624,0.5,0.7684729064039408,0.5373704309874522,0.624,0.05,t_f1=0.7685 lr=0.03 depth=3 l2=1.0 leaf=30
^IXIC,walk,18,test,direction,1,HGB,125,0.552,0.5087719298245614,0.7083333333333334,0.5472136222910217,0.544,0.05,t_f1=0.7685 lr=0.03 depth=3 l2=1.0 leaf=30
^IXIC,walk,19,val,direction,1,BASELINE_ALL_ZERO,125,0.456,0.5,0.0,0.5,0.544,0.5,
^IXIC,walk,19,test,direction,1,BASELINE_ALL_ZERO,125,0.368,0.5,0.0,0.5,0.632,0.5,
^IXIC,walk,19,val,direction,1,BASELINE_CONST_FROM_TRAIN,125,0.544,0.5,0.7046632124352331,0.5,0.544,0.5,p_train=0.553
^IXIC,walk,19,test,direction,1,BASELINE_CONST_FROM_TRAIN,125,0.632,0.5,0.7745098039215687,0.5,0.632,0.5,p_train=0.553
^IXIC,walk,19,val,direction,1,LOGREG,125,0.56,0.5189628482972136,0.708994708994709,0.5074819401444788,0.544,0.44999999999999996,t_f1=0.7090 C=0.5 balanced
^IXIC,walk,19,test,direction,1,LOGREG,125,0.56,0.488442487616951,0.6857142857142857,0.500275178866263,0.632,0.44999999999999996,t_f1=0.7090 C=0.5 balanced
^IXIC,walk,19,val,direction,1,HGB,125,0.544,0.5,0.7046632124352331,0.5307017543859649,0.544,0.05,t_f1=0.7047 lr=0.03 depth=3 l2=1.0 leaf=30
^IXIC,walk,19,test,direction,1,HGB,125,0.632,0.5,0.7745098039215687,0.492294991744634,0.632,0.05,t_f1=0.7047 lr=0.03 depth=3 l2=1.0 leaf=30
^IXIC,walk,20,val,direction,1,BASELINE_ALL_ZERO,125,0.456,0.5,0.0,0.5,0.544,0.5,
^IXIC,walk,20,test,direction,1,BASELINE_ALL_ZERO,125,0.392,0.5,0.0,0.5,0.608,0.5,
^IXIC,walk,20,val,direction,1,BASELINE_CONST_FROM_TRAIN,125,0.544,0.5,0.7046632124352331,0.5,0.544,0.5,p_train=0.555
^IXIC,walk,20,test,direction,1,BASELINE_CONST_FROM_TRAIN,125,0.608,0.5,0.7562189054726368,0.5,0.608,0.5,p_train=0.555
^IXIC,walk,20,val,direction,1,LOGREG,125,0.544,0.5,0.7046632124352331,0.5046439628482973,0.544,0.05,t_f1=0.7047 C=0.5 balanced
^IXIC,walk,20,test,direction,1,LOGREG,125,0.608,0.5,0.7562189054726368,0.5298066595059077,0.608,0.05,t_f1=0.7047 C=0.5 balanced
^IXIC,walk,20,val,direction,1,HGB,125,0.552,0.5101909184726523,0.7052631578947368,0.5397316821465428,0.544,0.2,t_f1=0.7053 lr=0.03 depth=3 l2=1.0 leaf=30
^IXIC,walk,20,test,direction,1,HGB,125,0.608,0.510875402792696,0.7487179487179487,0.5555853920515574,0.608,0.2,t_f1=0.7053 lr=0.03 depth=3 l2=1.0 leaf=30
TSLA,walk,0,val,direction,1,BASELINE_ALL_ZERO,125,0.456,0.5,0.0,0.5,0.544,0.5,
TSLA,walk,0,test,direction,1,BASELINE_ALL_ZERO,125,0.416,0.5,0.0,0.5,0.584,0.5,
TSLA,walk,0,val,direction,1,BASELINE_CONST_FROM_TRAIN,125,0.544,0.5,0.7046632124352331,0.5,0.544,0.5,p_train=0.508
TSLA,walk,0,test,direction,1,BASELINE_CONST_FROM_TRAIN,125,0.584,0.5,0.7373737373737373,0.5,0.584,0.5,p_train=0.508
TSLA,walk,0,val,direction,1,LOGREG,125,0.504,0.46891124871001033,0.6555555555555556,0.542311661506708,0.544,0.05,t_f1=0.6556 C=0.5 balanced
TSLA,walk,0,test,direction,1,LOGREG,125,0.44,0.5177818756585879,0.10256410256410256,0.5050052687038988,0.584,0.05,t_f1=0.6556 C=0.5 balanced
TSLA,walk,0,val,direction,1,HGB,125,0.544,0.5,0.7046632124352331,0.4362745098039216,0.544,0.05,t_f1=0.7047 lr=0.03 depth=3 l2=1.0 leaf=30
TSLA,walk,0,test,direction,1,HGB,125,0.584,0.5,0.7373737373737373,0.5113277133825079,0.584,0.05,t_f1=0.7047 lr=0.03 depth=3 l2=1.0 leaf=30
TSLA,walk,1,val,direction,1,BASELINE_ALL_ZERO,125,0.416,0.5,0.0,0.5,0.584,0.5,
TSLA,walk,1,test,direction,1,BASELINE_ALL_ZERO,125,0.448,0.5,0.0,0.5,0.552,0.5,
TSLA,walk,1,val,direction,1,BASELINE_CONST_FROM_TRAIN,125,0.584,0.5,0.7373737373737373,0.5,0.584,0.5,p_train=0.510
TSLA,walk,1,test,direction,1,BASELINE_CONST_FROM_TRAIN,125,0.552,0.5,0.711340206185567,0.5,0.552,0.5,p_train=0.510
TSLA,walk,1,val,direction,1,LOGREG,125,0.568,0.500131717597471,0.7096774193548387,0.49604847207586933,0.584,0.05,t_f1=0.7097 C=0.5 balanced
TSLA,walk,1,test,direction,1,LOGREG,125,0.464,0.5094461697722568,0.12987012987012986,0.5305383022774327,0.552,0.05,t_f1=0.7097 C=0.5 balanced
TSLA,walk,1,val,direction,1,HGB,125,0.544,0.4657534246575342,0.7046632124352331,0.33219178082191775,0.584,0.05,t_f1=0.7047 lr=0.03 depth=3 l2=1.0 leaf=30
TSLA,walk,1,test,direction,1,HGB,125,0.544,0.4927536231884058,0.7046632124352331,0.5297619047619048,0.552,0.05,t_f1=0.7047 lr=0.03 depth=3 l2=1.0 leaf=30
TSLA,walk,2,val,direction,1,BASELINE_ALL_ZERO,125,0.416,0.5,0.0,0.5,0.584,0.5,
TSLA,walk,2,test,direction,1,BASELINE_ALL_ZERO,125,0.488,0.5,0.0,0.5,0.512,0.5,
TSLA,walk,2,val,direction,1,BASELINE_CONST_FROM_TRAIN,125,0.584,0.5,0.7373737373737373,0.5,0.584,0.5,p_train=0.512
TSLA,walk,2,test,direction,1,BASELINE_CONST_FROM_TRAIN,125,0.512,0.5,0.6772486772486772,0.5,0.512,0.5,p_train=0.512
TSLA,walk,2,val,direction,1,LOGREG,125,0.568,0.48906743940990516,0.7216494845360825,0.48024236037934676,0.584,0.05,t_f1=0.7216 C=0.5 balanced
TSLA,walk,2,test,direction,1,LOGREG,125,0.608,0.6045081967213115,0.6620689655172414,0.6139856557377049,0.512,0.05,t_f1=0.7216 C=0.5 balanced
TSLA,walk,2,val,direction,1,HGB,125,0.576,0.49868282402528974,0.7253886010362695,0.5642781875658588,0.584,0.1,t_f1=0.7254 lr=0.03 depth=3 l2=1.0 leaf=30
TSLA,walk,2,test,direction,1,HGB,125,0.488,0.4769467213114754,0.6521739130434783,0.5153688524590164,0.512,0.1,t_f1=0.7254 lr=0.03 depth=3 l2=1.0 leaf=30
TSLA,walk,3,val,direction,1,BASELINE_ALL_ZERO,125,0.448,0.5,0.0,0.5,0.552,0.5,
TSLA,walk,3,test,direction,1,BASELINE_ALL_ZERO,125,0.456,0.5,0.0,0.5,0.544,0.5,
TSLA,walk,3,val,direction,1,BASELINE_CONST_FROM_TRAIN,125,0.552,0.5,0.711340206185567,0.5,0.552,0.5,p_train=0.516
TSLA,walk,3,test,direction,1,BASELINE_CONST_FROM_TRAIN,125,0.544,0.5,0.7046632124352331,0.5,0.544,0.5,p_train=0.516
TSLA,walk,3,val,direction,1,LOGREG,125,0.552,0.5,0.711340206185567,0.369047619047619,0.552,0.05,t_f1=0.7113 C=0.5 balanced
TSLA,walk,3,test,direction,1,LOGREG,125,0.544,0.5,0.7046632124352331,0.4953560371517028,0.544,0.05,t_f1=0.7113 C=0.5 balanced
TSLA,walk,3,val,direction,1,HGB,125,0.552,0.5,0.711340206185567,0.5031055900621118,0.552,0.05,t_f1=0.7113 lr=0.03 depth=3 l2=1.0 leaf=30
TSLA,walk,3,test,direction,1,HGB,125,0.544,0.5,0.7046632124352331,0.5363777089783281,0.544,0.05,t_f1=0.7113 lr=0.03 depth=3 l2=1.0 leaf=30
TSLA,walk,4,val,direction,1,BASELINE_ALL_ZERO,125,0.488,0.5,0.0,0.5,0.512,0.5,
TSLA,walk,4,test,direction,1,BASELINE_ALL_ZERO,125,0.4,0.5,0.0,0.5,0.6,0.5,
TSLA,walk,4,val,direction,1,BASELINE_CONST_FROM_TRAIN,125,0.512,0.5,0.6772486772486772,0.5,0.512,0.5,p_train=0.518
TSLA,walk,4,test,direction,1,BASELINE_CONST_FROM_TRAIN,125,0.6,0.5,0.75,0.5,0.6,0.5,p_train=0.518
TSLA,walk,4,val,direction,1,LOGREG,125,0.512,0.5,0.6772486772486772,0.44339139344262296,0.512,0.05,t_f1=0.6772 C=0.5 balanced
TSLA,walk,4,test,direction,1,LOGREG,125,0.6,0.5,0.75,0.40426666666666666,0.6,0.05,t_f1=0.6772 C=0.5 balanced
TSLA,walk,4,val,direction,1,HGB,125,0.52,0.5081967213114754,0.6808510638297872,0.5076844262295082,0.512,0.05,t_f1=0.6809 lr=0.03 depth=3 l2=1.0 leaf=30
TSLA,walk,4,test,direction,1,HGB,125,0.592,0.49333333333333335,0.7437185929648241,0.5330666666666667,0.6,0.05,t_f1=0.6809 lr=0.03 depth=3 l2=1.0 leaf=30
TSLA,walk,5,val,direction,1,BASELINE_ALL_ZERO,125,0.456,0.5,0.0,0.5,0.544,0.5,
TSLA,walk,5,test,direction,1,BASELINE_ALL_ZERO,125,0.456,0.5,0.0,0.5,0.544,0.5,
TSLA,walk,5,val,direction,1,BASELINE_CONST_FROM_TRAIN,125,0.544,0.5,0.7046632124352331,0.5,0.544,0.5,p_train=0.519
TSLA,walk,5,test,direction,1,BASELINE_CONST_FROM_TRAIN,125,0.544,0.5,0.7046632124352331,0.5,0.544,0.5,p_train=0.519
TSLA,walk,5,val,direction,1,LOGREG,125,0.544,0.5,0.7046632124352331,0.4362745098039216,0.544,0.05,t_f1=0.7047 C=0.5 balanced
TSLA,walk,5,test,direction,1,LOGREG,125,0.544,0.5,0.7046632124352331,0.44917440660474717,0.544,0.05,t_f1=0.7047 C=0.5 balanced
TSLA,walk,5,val,direction,1,HGB,125,0.56,0.5189628482972136,0.708994708994709,0.5291537667698658,0.544,0.2,t_f1=0.7090 lr=0.03 depth=3 l2=1.0 leaf=30
TSLA,walk,5,test,direction,1,HGB,125,0.48,0.44969040247678016,0.6242774566473989,0.4148606811145511,0.544,0.2,t_f1=0.7090 lr=0.03 depth=3 l2=1.0 leaf=30
TSLA,walk,6,val,direction,1,BASELINE_ALL_ZERO,125,0.4,0.5,0.0,0.5,0.6,0.5,
TSLA,walk,6,test,direction,1,BASELINE_ALL_ZERO,125,0.52,0.5,0.0,0.5,0.48,0.5,
TSLA,walk,6,val,direction,1,BASELINE_CONST_FROM_TRAIN,125,0.6,0.5,0.75,0.5,0.6,0.5,p_train=0.518
TSLA,walk,6,test,direction,1,BASELINE_CONST_FROM_TRAIN,125,0.48,0.5,0.6486486486486487,0.5,0.48,0.5,p_train=0.518
TSLA,walk,6,val,direction,1,LOGREG,125,0.6,0.5,0.75,0.40426666666666666,0.6,0.05,t_f1=0.7500 C=0.5 balanced
TSLA,walk,6,test,direction,1,LOGREG,125,0.48,0.5,0.6486486486486487,0.5399999999999999,0.48,0.05,t_f1=0.7500 C=0.5 balanced
TSLA,walk,6,val,direction,1,HGB,125,0.608,0.51,0.7537688442211056,0.5021333333333333,0.6,0.05,t_f1=0.7538 lr=0.03 depth=3 l2=1.0 leaf=30
TSLA,walk,6,test,direction,1,HGB,125,0.488,0.507051282051282,0.6483516483516484,0.5220512820512819,0.48,0.05,t_f1=0.7538 lr=0.03 depth=3 l2=1.0 leaf=30
TSLA,walk,7,val,direction,1,BASELINE_ALL_ZERO,125,0.456,0.5,0.0,0.5,0.544,0.5,
TSLA,walk,7,test,direction,1,BASELINE_ALL_ZERO,125,0.488,0.5,0.0,0.5,0.512,0.5,
TSLA,walk,7,val,direction,1,BASELINE_CONST_FROM_TRAIN,125,0.544,0.5,0.7046632124352331,0.5,0.544,0.5,p_train=0.521
TSLA,walk,7,test,direction,1,BASELINE_CONST_FROM_TRAIN,125,0.512,0.5,0.6772486772486772,0.5,0.512,0.5,p_train=0.521
TSLA,walk,7,val,direction,1,LOGREG,125,0.552,0.5101909184726523,0.7052631578947368,0.5025799793601652,0.544,0.3,t_f1=0.7053 C=0.5 balanced
TSLA,walk,7,test,direction,1,LOGREG,125,0.512,0.5007684426229508,0.6702702702702703,0.5030737704918032,0.512,0.3,t_f1=0.7053 C=0.5 balanced
TSLA,walk,7,val,direction,1,HGB,125,0.536,0.49264705882352944,0.6979166666666666,0.42414860681114547,0.544,0.05,t_f1=0.6979 lr=0.03 depth=3 l2=1.0 leaf=30
TSLA,walk,7,test,direction,1,HGB,125,0.512,0.5,0.6772486772486772,0.5665983606557377,0.512,0.05,t_f1=0.6979 lr=0.03 depth=3 l2=1.0 leaf=30
TSLA,walk,8,val,direction,1,BASELINE_ALL_ZERO,125,0.52,0.5,0.0,0.5,0.48,0.5,
TSLA,walk,8,test,direction,1,BASELINE_ALL_ZERO,125,0.512,0.5,0.0,0.5,0.488,0.5,
TSLA,walk,8,val,direction,1,BASELINE_CONST_FROM_TRAIN,125,0.48,0.5,0.6486486486486487,0.5,0.48,0.5,p_train=0.524
TSLA,walk,8,test,direction,1,BASELINE_CONST_FROM_TRAIN,125,0.488,0.5,0.6559139784946236,0.5,0.488,0.5,p_train=0.524
TSLA,walk,8,val,direction,1,LOGREG,125,0.48,0.5,0.6486486486486487,0.498974358974359,0.48,0.05,t_f1=0.6486 C=0.5 balanced
TSLA,walk,8,test,direction,1,LOGREG,125,0.488,0.5,0.6559139784946236,0.46567622950819676,0.488,0.05,t_f1=0.6486 C=0.5 balanced
TSLA,walk,8,val,direction,1,HGB,125,0.48,0.5,0.6486486486486487,0.5341025641025641,0.48,0.05,t_f1=0.6486 lr=0.03 depth=3 l2=1.0 leaf=30
TSLA,walk,8,test,direction,1,HGB,125,0.488,0.5,0.6559139784946236,0.5330430327868853,0.488,0.05,t_f1=0.6486 lr=0.03 depth=3 l2=1.0 leaf=30
TSLA,walk,9,val,direction,1,BASELINE_ALL_ZERO,125,0.488,0.5,0.0,0.5,0.512,0.5,
TSLA,walk,9,test,direction,1,BASELINE_ALL_ZERO,125,0.488,0.5,0.0,0.5,0.512,0.5,
TSLA,walk,9,val,direction,1,BASELINE_CONST_FROM_TRAIN,125,0.512,0.5,0.6772486772486772,0.5,0.512,0.5,p_train=0.523
TSLA,walk,9,test,direction,1,BASELINE_CONST_FROM_TRAIN,125,0.512,0.5,0.6772486772486772,0.5,0.512,0.5,p_train=0.523
TSLA,walk,9,val,direction,1,LOGREG,125,0.52,0.5081967213114754,0.6808510638297872,0.5015368852459017,0.512,0.35,t_f1=0.6809 C=0.5 balanced
TSLA,walk,9,test,direction,1,LOGREG,125,0.52,0.5081967213114754,0.6808510638297872,0.49667008196721313,0.512,0.35,t_f1=0.6809 C=0.5 balanced
TSLA,walk,9,val,direction,1,HGB,125,0.528,0.5171618852459017,0.6775956284153005,0.5502049180327868,0.512,0.2,t_f1=0.6776 lr=0.03 depth=3 l2=1.0 leaf=30
TSLA,walk,9,test,direction,1,HGB,125,0.48,0.46990266393442626,0.6368715083798883,0.46746926229508196,0.512,0.2,t_f1=0.6776 lr=0.03 depth=3 l2=1.0 leaf=30
TSLA,walk,10,val,direction,1,BASELINE_ALL_ZERO,125,0.512,0.5,0.0,0.5,0.488,0.5,
TSLA,walk,10,test,direction,1,BASELINE_ALL_ZERO,125,0.408,0.5,0.0,0.5,0.592,0.5,
TSLA,walk,10,val,direction,1,BASELINE_CONST_FROM_TRAIN,125,0.488,0.5,0.6559139784946236,0.5,0.488,0.5,p_train=0.521
TSLA,walk,10,test,direction,1,BASELINE_CONST_FROM_TRAIN,125,0.592,0.5,0.7437185929648241,0.5,0.592,0.5,p_train=0.521
TSLA,walk,10,val,direction,1,LOGREG,125,0.488,0.5,0.6559139784946236,0.4672131147540983,0.488,0.05,t_f1=0.6559 C=0.5 balanced
TSLA,walk,10,test,direction,1,LOGREG,125,0.592,0.5,0.7437185929648241,0.5760466348701643,0.592,0.05,t_f1=0.6559 C=0.5 balanced
TSLA,walk,10,val,direction,1,HGB,125,0.488,0.5,0.6559139784946236,0.461577868852459,0.488,0.05,t_f1=0.6559 lr=0.03 depth=3 l2=1.0 leaf=30
TSLA,walk,10,test,direction,1,HGB,125,0.6,0.5098039215686274,0.7474747474747475,0.4663487016428193,0.592,0.05,t_f1=0.6559 lr=0.03 depth=3 l2=1.0 leaf=30
TSLA,walk,11,val,direction,1,BASELINE_ALL_ZERO,125,0.488,0.5,0.0,0.5,0.512,0.5,
TSLA,walk,11,test,direction,1,BASELINE_ALL_ZERO,125,0.48,0.5,0.0,0.5,0.52,0.5,
TSLA,walk,11,val,direction,1,BASELINE_CONST_FROM_TRAIN,125,0.512,0.5,0.6772486772486772,0.5,0.512,0.5,p_train=0.522
TSLA,walk,11,test,direction,1,BASELINE_CONST_FROM_TRAIN,125,0.52,0.5,0.6842105263157895,0.5,0.52,0.5,p_train=0.522
TSLA,walk,11,val,direction,1,LOGREG,125,0.512,0.5,0.6772486772486772,0.4961577868852459,0.512,0.05,t_f1=0.6772 C=0.5 balanced
TSLA,walk,11,test,direction,1,LOGREG,125,0.52,0.5,0.6842105263157895,0.622051282051282,0.52,0.05,t_f1=0.6772 C=0.5 balanced
TSLA,walk,11,val,direction,1,HGB,125,0.512,0.5,0.6772486772486772,0.4823258196721312,0.512,0.05,t_f1=0.6772 lr=0.03 depth=3 l2=1.0 leaf=30
TSLA,walk,11,test,direction,1,HGB,125,0.52,0.5,0.6842105263157895,0.5561538461538461,0.52,0.05,t_f1=0.6772 lr=0.03 depth=3 l2=1.0 leaf=30
TSLA,walk,12,val,direction,1,BASELINE_ALL_ZERO,125,0.408,0.5,0.0,0.5,0.592,0.5,
TSLA,walk,12,test,direction,1,BASELINE_ALL_ZERO,125,0.488,0.5,0.0,0.5,0.512,0.5,
TSLA,walk,12,val,direction,1,BASELINE_CONST_FROM_TRAIN,125,0.592,0.5,0.7437185929648241,0.5,0.592,0.5,p_train=0.519
TSLA,walk,12,test,direction,1,BASELINE_CONST_FROM_TRAIN,125,0.512,0.5,0.6772486772486772,0.5,0.512,0.5,p_train=0.519
TSLA,walk,12,val,direction,1,LOGREG,125,0.6,0.5098039215686274,0.7474747474747475,0.5834658187599364,0.592,0.39999999999999997,t_f1=0.7475 C=0.5 balanced
TSLA,walk,12,test,direction,1,LOGREG,125,0.512,0.5,0.6772486772486772,0.508452868852459,0.512,0.39999999999999997,t_f1=0.7475 C=0.5 balanced
TSLA,walk,12,val,direction,1,HGB,125,0.6,0.5098039215686274,0.7474747474747475,0.4554848966613672,0.592,0.05,t_f1=0.7475 lr=0.03 depth=3 l2=1.0 leaf=30
TSLA,walk,12,test,direction,1,HGB,125,0.512,0.5,0.6772486772486772,0.46413934426229514,0.512,0.05,t_f1=0.7475 lr=0.03 depth=3 l2=1.0 leaf=30
TSLA,walk,13,val,direction,1,BASELINE_ALL_ZERO,125,0.48,0.5,0.0,0.5,0.52,0.5,
TSLA,walk,13,test,direction,1,BASELINE_ALL_ZERO,125,0.48,0.5,0.0,0.5,0.52,0.5,
TSLA,walk,13,val,direction,1,BASELINE_CONST_FROM_TRAIN,125,0.52,0.5,0.6842105263157895,0.5,0.52,0.5,p_train=0.521
TSLA,walk,13,test,direction,1,BASELINE_CONST_FROM_TRAIN,125,0.52,0.5,0.6842105263157895,0.5,0.52,0.5,p_train=0.521
TSLA,walk,13,val,direction,1,LOGREG,125,0.52,0.5,0.6842105263157895,0.6192307692307693,0.52,0.05,t_f1=0.6842 C=0.5 balanced
TSLA,walk,13,test,direction,1,LOGREG,125,0.52,0.5,0.6842105263157895,0.5094871794871795,0.52,0.05,t_f1=0.6842 C=0.5 balanced
TSLA,walk,13,val,direction,1,HGB,125,0.528,0.5083333333333333,0.6878306878306878,0.4894871794871795,0.52,0.1,t_f1=0.6878 lr=0.03 depth=3 l2=1.0 leaf=30
TSLA,walk,13,test,direction,1,HGB,125,0.52,0.5,0.6842105263157895,0.4674358974358974,0.52,0.1,t_f1=0.6878 lr=0.03 depth=3 l2=1.0 leaf=30
TSLA,walk,14,val,direction,1,BASELINE_ALL_ZERO,125,0.488,0.5,0.0,0.5,0.512,0.5,
TSLA,walk,14,test,direction,1,BASELINE_ALL_ZERO,125,0.552,0.5,0.0,0.5,0.448,0.5,
TSLA,walk,14,val,direction,1,BASELINE_CONST_FROM_TRAIN,125,0.512,0.5,0.6772486772486772,0.5,0.512,0.5,p_train=0.523
TSLA,walk,14,test,direction,1,BASELINE_CONST_FROM_TRAIN,125,0.448,0.5,0.6187845303867403,0.5,0.448,0.5,p_train=0.523
TSLA,walk,14,val,direction,1,LOGREG,125,0.512,0.5,0.6772486772486772,0.5128073770491804,0.512,0.05,t_f1=0.6772 C=0.5 balanced
TSLA,walk,14,test,direction,1,LOGREG,125,0.448,0.5,0.6187845303867403,0.48110766045548653,0.448,0.05,t_f1=0.6772 C=0.5 balanced
TSLA,walk,14,val,direction,1,HGB,125,0.512,0.5,0.6772486772486772,0.46926229508196726,0.512,0.05,t_f1=0.6772 lr=0.03 depth=3 l2=1.0 leaf=30
TSLA,walk,14,test,direction,1,HGB,125,0.448,0.5,0.6187845303867403,0.4464285714285714,0.448,0.05,t_f1=0.6772 lr=0.03 depth=3 l2=1.0 leaf=30
TSLA,walk,15,val,direction,1,BASELINE_ALL_ZERO,125,0.48,0.5,0.0,0.5,0.52,0.5,
TSLA,walk,15,test,direction,1,BASELINE_ALL_ZERO,125,0.464,0.5,0.0,0.5,0.536,0.5,
TSLA,walk,15,val,direction,1,BASELINE_CONST_FROM_TRAIN,125,0.52,0.5,0.6842105263157895,0.5,0.52,0.5,p_train=0.521
TSLA,walk,15,test,direction,1,BASELINE_CONST_FROM_TRAIN,125,0.536,0.5,0.6979166666666666,0.5,0.536,0.5,p_train=0.521
TSLA,walk,15,val,direction,1,LOGREG,125,0.52,0.5,0.6842105263157895,0.5194871794871795,0.52,0.05,t_f1=0.6842 C=0.5 balanced
TSLA,walk,15,test,direction,1,LOGREG,125,0.536,0.5,0.6979166666666666,0.5427174472465259,0.536,0.05,t_f1=0.6842 C=0.5 balanced
TSLA,walk,15,val,direction,1,HGB,125,0.52,0.5,0.6842105263157895,0.45769230769230773,0.52,0.05,t_f1=0.6842 lr=0.03 depth=3 l2=1.0 leaf=30
TSLA,walk,15,test,direction,1,HGB,125,0.536,0.5,0.6979166666666666,0.4891919711785898,0.536,0.05,t_f1=0.6842 lr=0.03 depth=3 l2=1.0 leaf=30
TSLA,walk,16,val,direction,1,BASELINE_ALL_ZERO,125,0.552,0.5,0.0,0.5,0.448,0.5,
TSLA,walk,16,test,direction,1,BASELINE_ALL_ZERO,125,0.44,0.5,0.0,0.5,0.56,0.5,
TSLA,walk,16,val,direction,1,BASELINE_CONST_FROM_TRAIN,125,0.448,0.5,0.6187845303867403,0.5,0.448,0.5,p_train=0.522
TSLA,walk,16,test,direction,1,BASELINE_CONST_FROM_TRAIN,125,0.56,0.5,0.717948717948718,0.5,0.56,0.5,p_train=0.522
TSLA,walk,16,val,direction,1,LOGREG,125,0.448,0.5,0.6187845303867403,0.47619047619047616,0.448,0.05,t_f1=0.6188 C=0.5 balanced
TSLA,walk,16,test,direction,1,LOGREG,125,0.56,0.5,0.717948717948718,0.5174025974025974,0.56,0.05,t_f1=0.6188 C=0.5 balanced
TSLA,walk,16,val,direction,1,HGB,125,0.448,0.5,0.6187845303867403,0.4813664596273292,0.448,0.05,t_f1=0.6188 lr=0.03 depth=3 l2=1.0 leaf=30
TSLA,walk,16,test,direction,1,HGB,125,0.56,0.5,0.717948717948718,0.512987012987013,0.56,0.05,t_f1=0.6188 lr=0.03 depth=3 l2=1.0 leaf=30
TSLA,walk,17,val,direction,1,BASELINE_ALL_ZERO,125,0.464,0.5,0.0,0.5,0.536,0.5,
TSLA,walk,17,test,direction,1,BASELINE_ALL_ZERO,125,0.56,0.5,0.0,0.5,0.44,0.5,
TSLA,walk,17,val,direction,1,BASELINE_CONST_FROM_TRAIN,125,0.536,0.5,0.6979166666666666,0.5,0.536,0.5,p_train=0.521
TSLA,walk,17,test,direction,1,BASELINE_CONST_FROM_TRAIN,125,0.44,0.5,0.6111111111111112,0.5,0.44,0.5,p_train=0.521
TSLA,walk,17,val,direction,1,LOGREG,125,0.568,0.5344827586206896,0.7127659574468085,0.5411734431291817,0.536,0.39999999999999997,t_f1=0.7128 C=0.5 balanced
TSLA,walk,17,test,direction,1,LOGREG,125,0.448,0.4974025974025974,0.591715976331361,0.5366233766233766,0.44,0.39999999999999997,t_f1=0.7128 C=0.5 balanced
TSLA,walk,17,val,direction,1,HGB,125,0.536,0.5,0.6979166666666666,0.4925373134328358,0.536,0.05,t_f1=0.6979 lr=0.03 depth=3 l2=1.0 leaf=30
TSLA,walk,17,test,direction,1,HGB,125,0.448,0.5071428571428571,0.6145251396648045,0.4987012987012987,0.44,0.05,t_f1=0.6979 lr=0.03 depth=3 l2=1.0 leaf=30
TSLA,walk,18,val,direction,1,BASELINE_ALL_ZERO,125,0.44,0.5,0.0,0.5,0.56,0.5,
TSLA,walk,18,test,direction,1,BASELINE_ALL_ZERO,125,0.544,0.5,0.0,0.5,0.456,0.5,
TSLA,walk,18,val,direction,1,BASELINE_CONST_FROM_TRAIN,125,0.56,0.5,0.717948717948718,0.5,0.56,0.5,p_train=0.519
TSLA,walk,18,test,direction,1,BASELINE_CONST_FROM_TRAIN,125,0.456,0.5,0.6263736263736264,0.5,0.456,0.5,p_train=0.519
TSLA,walk,18,val,direction,1,LOGREG,125,0.56,0.5,0.717948717948718,0.5233766233766234,0.56,0.05,t_f1=0.7179 C=0.5 balanced
TSLA,walk,18,test,direction,1,LOGREG,125,0.456,0.5,0.6263736263736264,0.5425696594427244,0.456,0.05,t_f1=0.7179 C=0.5 balanced
TSLA,walk,18,val,direction,1,HGB,125,0.568,0.5110389610389611,0.71875,0.5155844155844156,0.56,0.1,t_f1=0.7188 lr=0.03 depth=3 l2=1.0 leaf=30
TSLA,walk,18,test,direction,1,HGB,125,0.448,0.48980908152734776,0.6145251396648045,0.5825593395252838,0.456,0.1,t_f1=0.7188 lr=0.03 depth=3 l2=1.0 leaf=30
TSLA,walk,19,val,direction,1,BASELINE_ALL_ZERO,125,0.56,0.5,0.0,0.5,0.44,0.5,
TSLA,walk,19,test,direction,1,BASELINE_ALL_ZERO,125,0.448,0.5,0.0,0.5,0.552,0.5,
TSLA,walk,19,val,direction,1,BASELINE_CONST_FROM_TRAIN,125,0.44,0.5,0.6111111111111112,0.5,0.44,0.5,p_train=0.521
TSLA,walk,19,test,direction,1,BASELINE_CONST_FROM_TRAIN,125,0.552,0.5,0.711340206185567,0.5,0.552,0.5,p_train=0.521
TSLA,walk,19,val,direction,1,LOGREG,125,0.44,0.5,0.6111111111111112,0.537142857142857,0.44,0.05,t_f1=0.6111 C=0.5 balanced
TSLA,walk,19,test,direction,1,LOGREG,125,0.552,0.5,0.711340206185567,0.4710144927536232,0.552,0.05,t_f1=0.6111 C=0.5 balanced
TSLA,walk,19,val,direction,1,HGB,125,0.448,0.5032467532467533,0.6057142857142858,0.4841558441558441,0.44,0.1,t_f1=0.6057 lr=0.03 depth=3 l2=1.0 leaf=30
TSLA,walk,19,test,direction,1,HGB,125,0.568,0.5178571428571429,0.71875,0.4924948240165631,0.552,0.1,t_f1=0.6057 lr=0.03 depth=3 l2=1.0 leaf=30
TSLA,walk,20,val,direction,1,BASELINE_ALL_ZERO,125,0.544,0.5,0.0,0.5,0.456,0.5,
TSLA,walk,20,test,direction,1,BASELINE_ALL_ZERO,125,0.456,0.5,0.0,0.5,0.544,0.5,
TSLA,walk,20,val,direction,1,BASELINE_CONST_FROM_TRAIN,125,0.456,0.5,0.6263736263736264,0.5,0.456,0.5,p_train=0.521
TSLA,walk,20,test,direction,1,BASELINE_CONST_FROM_TRAIN,125,0.544,0.5,0.7046632124352331,0.5,0.544,0.5,p_train=0.521
TSLA,walk,20,val,direction,1,LOGREG,125,0.464,0.5073529411764706,0.6298342541436464,0.5430856553147575,0.456,0.3,t_f1=0.6298 C=0.5 balanced
TSLA,walk,20,test,direction,1,LOGREG,125,0.544,0.5,0.7046632124352331,0.5288957688338494,0.544,0.3,t_f1=0.6298 C=0.5 balanced
TSLA,walk,20,val,direction,1,HGB,125,0.488,0.5279927760577915,0.6363636363636364,0.542311661506708,0.456,0.2,t_f1=0.6364 lr=0.03 depth=3 l2=1.0 leaf=30
TSLA,walk,20,test,direction,1,HGB,125,0.536,0.5125128998968008,0.6463414634146342,0.49742002063983487,0.544,0.2,t_f1=0.6364 lr=0.03 depth=3 l2=1.0 leaf=30
